compound,neg,neu,pos,Bank,Sentiment
0.5106,0.0,0.769,0.231,Bank of America,pos
0.8934,0.0,0.578,0.422,Bank of America,pos
0.5106,0.0,0.798,0.202,Bank of America,pos
0.836,0.0,0.252,0.748,Bank of America,pos
-0.802,0.362,0.638,0.0,Bank of America,neg
-0.5423,0.313,0.485,0.203,Bank of America,neg
0.7845,0.0,0.275,0.725,Bank of America,pos
0.6486,0.0,0.274,0.726,Bank of America,pos
0.6908,0.0,0.678,0.322,Bank of America,pos
0.8658,0.0,0.642,0.358,Bank of America,pos
0.9477,0.0,0.522,0.478,Bank of America,pos
-0.802,0.286,0.714,0.0,Bank of America,neg
0.6808,0.0,0.823,0.177,Bank of America,pos
-0.7003,0.392,0.608,0.0,Bank of America,neg
-0.5423,0.28,0.72,0.0,Bank of America,neg
0.6249,0.0,0.788,0.212,Bank of America,pos
0.8225,0.0,0.619,0.381,Bank of America,pos
0.8126,0.0,0.641,0.359,Bank of America,pos
-0.8979,0.421,0.579,0.0,Bank of America,neg
-0.5688,0.324,0.57,0.106,Bank of America,neg
0.6369,0.0,0.0,1.0,Bank of America,pos
0.5423,0.0,0.308,0.692,Bank of America,pos
-0.6124,0.283,0.609,0.109,Bank of America,neg
0.872,0.0,0.579,0.421,Bank of America,pos
0.7003,0.0,0.766,0.234,Bank of America,pos
-0.5719,0.425,0.575,0.0,Bank of America,neg
0.7351,0.0,0.733,0.267,Bank of America,pos
0.8834,0.0,0.515,0.485,Bank of America,pos
-0.6369,0.677,0.323,0.0,Bank of America,neg
0.9552,0.091,0.209,0.7,Bank of America,pos
-0.5267,0.221,0.779,0.0,Bank of America,neg
0.9678,0.0,0.465,0.535,Bank of America,pos
0.7351,0.0,0.772,0.228,Bank of America,pos
-0.5423,0.529,0.471,0.0,Bank of America,neg
-0.5423,0.636,0.364,0.0,Bank of America,neg
-0.5267,0.254,0.746,0.0,Bank of America,neg
-0.5267,0.185,0.815,0.0,Bank of America,neg
0.891,0.0,0.487,0.513,Bank of America,pos
-0.7783,0.298,0.702,0.0,Bank of America,neg
-0.5719,0.481,0.519,0.0,Bank of America,neg
0.5859,0.0,0.844,0.156,Bank of America,pos
-0.7717,0.193,0.807,0.0,Bank of America,neg
-0.5574,0.228,0.691,0.081,Bank of America,neg
-0.7964,0.288,0.641,0.071,Bank of America,neg
0.9274,0.0,0.565,0.435,Bank of America,pos
-0.8481,0.325,0.675,0.0,Bank of America,neg
0.765,0.0,0.694,0.306,Bank of America,pos
0.5106,0.0,0.765,0.235,Bank of America,pos
-0.8481,0.325,0.675,0.0,Bank of America,neg
-0.5859,0.241,0.759,0.0,Bank of America,neg
0.5574,0.0,0.735,0.265,Bank of America,pos
-0.5423,0.467,0.533,0.0,Bank of America,neg
-0.7579,0.448,0.552,0.0,Bank of America,neg
0.5106,0.0,0.752,0.248,Bank of America,pos
0.9442,0.0,0.593,0.407,Bank of America,pos
-0.8481,0.539,0.461,0.0,Bank of America,neg
-0.5267,0.216,0.784,0.0,Bank of America,neg
0.5574,0.0,0.833,0.167,Bank of America,pos
0.8591,0.0,0.667,0.333,Bank of America,pos
-0.6249,0.672,0.328,0.0,Bank of America,neg
-0.8591,0.304,0.696,0.0,Bank of America,neg
0.9468,0.0,0.508,0.492,Bank of America,pos
0.7269,0.0,0.621,0.379,Bank of America,pos
-0.8271,0.393,0.508,0.098,Bank of America,neg
0.875,0.0,0.476,0.524,Bank of America,pos
-0.802,0.253,0.656,0.09,Bank of America,neg
0.6597,0.053,0.739,0.208,Bank of America,pos
-0.6249,0.369,0.631,0.0,Bank of America,neg
0.9442,0.0,0.499,0.501,Bank of America,pos
0.743,0.045,0.707,0.248,Bank of America,pos
0.891,0.0,0.43,0.57,Bank of America,pos
0.7269,0.0,0.621,0.379,Bank of America,pos
0.9136,0.0,0.396,0.604,Bank of America,pos
0.8591,0.0,0.604,0.396,Bank of America,pos
-0.802,0.338,0.583,0.079,Bank of America,neg
0.8126,0.0,0.625,0.375,Bank of America,pos
0.7717,0.0,0.675,0.325,Bank of America,pos
-0.7351,0.183,0.75,0.067,Bank of America,neg
0.8271,0.0,0.749,0.251,Bank of America,pos
0.5574,0.0,0.769,0.231,Bank of America,pos
0.5574,0.0,0.753,0.247,Bank of America,pos
0.5574,0.0,0.783,0.217,Bank of America,pos
0.6705,0.0,0.683,0.317,Bank of America,pos
0.5574,0.232,0.404,0.364,Bank of America,pos
0.5574,0.0,0.753,0.247,Bank of America,pos
0.8074,0.071,0.601,0.329,Bank of America,pos
0.6249,0.0,0.687,0.313,Bank of America,pos
0.5574,0.0,0.769,0.231,Bank of America,pos
-0.7783,0.343,0.657,0.0,Bank of America,neg
-0.802,0.305,0.695,0.0,Bank of America,neg
0.5574,0.0,0.833,0.167,Bank of America,pos
-0.8218,0.603,0.397,0.0,Bank of America,neg
0.5574,0.0,0.795,0.205,Bank of America,pos
-0.6486,0.261,0.739,0.0,Bank of America,neg
-0.5423,1.0,0.0,0.0,Bank of America,neg
0.9169,0.0,0.52,0.48,Bank of America,pos
0.5859,0.0,0.625,0.375,Bank of America,pos
0.9136,0.0,0.599,0.401,Bank of America,pos
0.7269,0.0,0.697,0.303,Bank of America,pos
-0.5719,0.188,0.812,0.0,Bank of America,neg
0.5574,0.275,0.344,0.381,Bank of America,pos
0.5574,0.0,0.735,0.265,Bank of America,pos
-0.7783,0.362,0.638,0.0,Bank of America,neg
-0.5267,0.175,0.825,0.0,Bank of America,neg
-0.6908,0.304,0.591,0.105,Bank of America,neg
0.6124,0.121,0.606,0.273,Bank of America,pos
0.5423,0.238,0.35,0.413,Bank of America,pos
-0.8481,0.369,0.631,0.0,Bank of America,neg
0.7269,0.0,0.757,0.243,Bank of America,pos
0.7003,0.0,0.674,0.326,Bank of America,pos
0.7269,0.0,0.797,0.203,Bank of America,pos
0.9382,0.0,0.523,0.477,Bank of America,pos
0.5859,0.085,0.732,0.183,Bank of America,pos
-0.5267,0.183,0.668,0.149,Bank of America,neg
-0.7269,0.404,0.596,0.0,Bank of America,neg
-0.802,0.286,0.714,0.0,Bank of America,neg
-0.5267,0.274,0.726,0.0,Bank of America,neg
-0.7783,0.298,0.702,0.0,Bank of America,neg
-0.8979,0.405,0.595,0.0,Bank of America,neg
0.8225,0.0,0.619,0.381,Bank of America,pos
-0.5267,0.175,0.825,0.0,Bank of America,neg
-0.5994,0.234,0.766,0.0,Bank of America,neg
-0.5267,0.254,0.746,0.0,Bank of America,neg
0.743,0.063,0.664,0.272,Bank of America,pos
-0.8316,0.341,0.659,0.0,Bank of America,neg
0.9393,0.0,0.414,0.586,Bank of America,pos
0.6249,0.0,0.733,0.267,Bank of America,pos
0.5574,0.0,0.753,0.247,Bank of America,pos
0.765,0.0,0.792,0.208,Bank of America,pos
0.9062,0.0,0.634,0.366,Bank of America,pos
0.9231,0.0,0.636,0.364,Bank of America,pos
0.8225,0.037,0.739,0.224,Bank of America,pos
0.9595,0.0,0.471,0.529,Bank of America,pos
0.93,0.0,0.669,0.331,Bank of America,pos
-0.6705,0.268,0.732,0.0,Bank of America,neg
-0.7783,0.343,0.657,0.0,Bank of America,neg
0.6124,0.0,0.828,0.172,Bank of America,pos
-0.7893,0.477,0.364,0.159,Bank of America,neg
-0.5859,0.119,0.881,0.0,Bank of America,neg
-0.6249,0.255,0.745,0.0,Bank of America,neg
-0.8481,0.308,0.525,0.167,Bank of America,neg
-0.5267,0.159,0.841,0.0,Bank of America,neg
0.6249,0.0,0.733,0.267,Bank of America,pos
-0.7351,0.34,0.66,0.0,Bank of America,neg
-0.7783,0.323,0.484,0.194,Bank of America,neg
-0.5423,0.273,0.593,0.134,Bank of America,neg
-0.7102,0.312,0.688,0.0,Bank of America,neg
-0.7783,0.343,0.657,0.0,Bank of America,neg
0.8979,0.048,0.56,0.392,Bank of America,pos
0.5859,0.0,0.714,0.286,Bank of America,pos
0.5719,0.0,0.764,0.236,Bank of America,pos
-0.6249,0.255,0.745,0.0,Bank of America,neg
-0.5859,0.444,0.556,0.0,Bank of America,neg
0.886,0.0,0.764,0.236,Bank of America,pos
-0.8979,0.377,0.623,0.0,Bank of America,neg
-0.6908,0.325,0.574,0.1,Bank of America,neg
0.5574,0.0,0.833,0.167,Bank of America,pos
0.6124,0.0,0.898,0.102,Bank of America,pos
-0.5267,0.355,0.645,0.0,Bank of America,neg
0.6808,0.0,0.728,0.272,Bank of America,pos
-0.6249,0.136,0.864,0.0,Bank of America,neg
-0.5423,0.132,0.868,0.0,Bank of America,neg
0.6597,0.0,0.822,0.178,Bank of America,pos
0.9042,0.0,0.59,0.41,Bank of America,pos
0.5719,0.0,0.812,0.188,Bank of America,pos
-0.765,0.375,0.625,0.0,Bank of America,neg
0.8555,0.0,0.39,0.61,Bank of America,pos
0.7964,0.0,0.776,0.224,Bank of America,pos
0.8555,0.0,0.606,0.394,Bank of America,pos
-0.8979,0.353,0.647,0.0,Bank of America,neg
-0.7783,0.286,0.714,0.0,Bank of America,neg
-0.8979,0.365,0.635,0.0,Bank of America,neg
0.5574,0.0,0.795,0.205,Bank of America,pos
0.5574,0.0,0.795,0.205,Bank of America,pos
0.5574,0.0,0.806,0.194,Bank of America,pos
0.5574,0.0,0.859,0.141,Bank of America,pos
0.6597,0.085,0.692,0.223,Bank of America,pos
-0.8979,0.342,0.658,0.0,Bank of America,neg
-0.8979,0.405,0.595,0.0,Bank of America,neg
0.7351,0.0,0.78,0.22,Bank of America,pos
0.802,0.0,0.69,0.31,Bank of America,pos
-0.7783,0.274,0.726,0.0,Bank of America,neg
-0.7783,0.343,0.657,0.0,Bank of America,neg
-0.5106,0.32,0.68,0.0,Bank of America,neg
-0.7783,0.343,0.657,0.0,Bank of America,neg
-0.7783,0.327,0.673,0.0,Bank of America,neg
0.8271,0.078,0.58,0.341,Bank of America,pos
0.5994,0.0,0.0,1.0,Bank of America,pos
-0.7783,0.327,0.673,0.0,Bank of America,neg
0.5423,0.0,0.83,0.17,Bank of America,pos
0.9136,0.0,0.581,0.419,Bank of America,pos
0.8779,0.0,0.712,0.288,Bank of America,pos
0.5574,0.0,0.735,0.265,Bank of America,pos
0.6597,0.0,0.769,0.231,Bank of America,pos
0.6597,0.0,0.769,0.231,Bank of America,pos
-0.7783,0.694,0.306,0.0,Bank of America,neg
0.6369,0.151,0.559,0.289,Bank of America,pos
-0.8126,0.228,0.772,0.0,Bank of America,neg
0.5267,0.0,0.839,0.161,Bank of America,pos
-0.5423,0.538,0.462,0.0,Bank of America,neg
0.5245,0.0,0.851,0.149,Bank of America,pos
-0.6369,0.504,0.202,0.294,Bank of America,neg
0.9607,0.0,0.599,0.401,Bank of America,pos
-0.7506,0.234,0.766,0.0,Bank of America,neg
-0.7717,0.309,0.691,0.0,Bank of America,neg
-0.7579,0.765,0.235,0.0,Bank of America,neg
0.802,0.0,0.801,0.199,Bank of America,pos
0.5859,0.154,0.482,0.364,Bank of America,pos
0.9618,0.0,0.516,0.484,Bank of America,pos
0.765,0.0,0.783,0.217,Bank of America,pos
-0.5267,0.185,0.815,0.0,Bank of America,neg
0.8779,0.0,0.521,0.479,Bank of America,pos
-0.7184,0.212,0.742,0.047,Bank of America,neg
0.6705,0.0,0.853,0.147,Bank of America,pos
0.7184,0.0,0.75,0.25,Bank of America,pos
0.7184,0.0,0.75,0.25,Bank of America,pos
0.7184,0.0,0.75,0.25,Bank of America,pos
-0.765,0.375,0.625,0.0,Bank of America,neg
0.7184,0.0,0.758,0.242,Bank of America,pos
0.7184,0.0,0.758,0.242,Bank of America,pos
0.7184,0.0,0.765,0.235,Bank of America,pos
0.875,0.0,0.761,0.239,Bank of America,pos
0.5574,0.0,0.783,0.217,Bank of America,pos
0.8555,0.0,0.515,0.485,Bank of America,pos
0.6124,0.0,0.878,0.122,Bank of America,pos
0.802,0.0,0.796,0.204,Bank of America,pos
0.8689,0.08,0.632,0.287,Bank of America,pos
0.802,0.0,0.662,0.338,Bank of America,pos
0.8555,0.0,0.629,0.371,Bank of America,pos
0.765,0.0,0.636,0.364,Bank of America,pos
0.8555,0.0,0.629,0.371,Bank of America,pos
0.6597,0.0,0.671,0.329,Bank of America,pos
0.5267,0.0,0.37,0.63,Bank of America,pos
0.802,0.0,0.805,0.195,Bank of America,pos
0.7845,0.106,0.561,0.333,Bank of America,pos
0.5719,0.0,0.773,0.227,Bank of America,pos
-0.5221,0.261,0.616,0.123,Bank of America,neg
0.6124,0.0,0.875,0.125,Bank of America,pos
-0.7964,0.261,0.693,0.045,Bank of America,neg
-0.7506,0.234,0.766,0.0,Bank of America,neg
0.6705,0.0,0.745,0.255,Bank of America,pos
0.8402,0.0,0.583,0.417,Bank of America,pos
-0.8316,0.191,0.809,0.0,Bank of America,neg
0.7906,0.051,0.78,0.169,Bank of America,pos
0.7351,0.0,0.677,0.323,Bank of America,pos
0.7351,0.0,0.677,0.323,Bank of America,pos
0.6705,0.0,0.764,0.236,Bank of America,pos
-0.5423,0.636,0.364,0.0,Bank of America,neg
-0.7964,0.333,0.599,0.067,Bank of America,neg
0.9042,0.0,0.728,0.272,Bank of America,pos
-0.6249,0.093,0.907,0.0,Bank of America,neg
0.5574,0.0,0.769,0.231,Bank of America,pos
-0.6597,0.205,0.693,0.102,Bank of America,neg
-0.802,0.315,0.685,0.0,Bank of America,neg
0.8625,0.08,0.287,0.632,Bank of America,pos
-0.6597,0.26,0.611,0.13,Bank of America,neg
-0.6249,0.577,0.423,0.0,Bank of America,neg
0.8481,0.0,0.707,0.293,Bank of America,pos
0.8481,0.0,0.707,0.293,Bank of America,pos
0.9169,0.0,0.437,0.563,Bank of America,pos
0.9062,0.0,0.704,0.296,Bank of America,pos
0.5574,0.0,0.825,0.175,Bank of America,pos
0.6369,0.0,0.323,0.677,Bank of America,pos
-0.6808,0.259,0.741,0.0,Bank of America,neg
0.6908,0.0,0.695,0.305,Bank of America,pos
-0.7906,0.35,0.65,0.0,Bank of America,neg
0.743,0.137,0.406,0.457,Bank of America,pos
-0.7906,0.318,0.682,0.0,Bank of America,neg
-0.6249,0.285,0.628,0.087,Bank of America,neg
0.7269,0.0,0.643,0.357,Bank of America,pos
0.6908,0.055,0.712,0.232,Bank of America,pos
0.802,0.098,0.467,0.435,Bank of America,pos
-0.7579,0.613,0.387,0.0,Bank of America,neg
0.6908,0.0,0.749,0.251,Bank of America,pos
-0.7506,0.234,0.766,0.0,Bank of America,neg
0.8625,0.082,0.604,0.314,Bank of America,pos
0.6369,0.0,0.743,0.257,Bank of America,pos
-0.6249,0.369,0.631,0.0,Bank of America,neg
-0.7783,0.43,0.57,0.0,Bank of America,neg
0.7003,0.0,0.734,0.266,Bank of America,pos
0.7717,0.0,0.374,0.626,Bank of America,pos
0.802,0.0,0.526,0.474,Bank of America,pos
-0.802,0.315,0.685,0.0,Bank of America,neg
0.743,0.0,0.656,0.344,Bank of America,pos
-0.802,0.474,0.526,0.0,Bank of America,neg
-0.6908,0.332,0.505,0.162,Bank of America,neg
0.6597,0.0,0.859,0.141,Bank of America,pos
0.7096,0.0,0.145,0.855,Bank of America,pos
0.5994,0.0,0.698,0.302,Bank of America,pos
-0.9217,0.386,0.614,0.0,Bank of America,neg
-0.8176,0.385,0.615,0.0,Bank of America,neg
-0.9552,0.484,0.452,0.065,Bank of America,neg
0.836,0.0,0.681,0.319,Bank of America,pos
0.9403,0.037,0.51,0.453,Bank of America,pos
0.9682,0.0,0.511,0.489,Bank of America,pos
-0.5423,0.412,0.588,0.0,Bank of America,neg
0.6249,0.0,0.423,0.577,Bank of America,pos
0.8074,0.0,0.711,0.289,Bank of America,pos
-0.8176,0.443,0.498,0.059,Bank of America,neg
0.8779,0.072,0.551,0.377,Bank of America,pos
0.8834,0.0,0.57,0.43,Bank of America,pos
0.7351,0.0,0.721,0.279,Bank of America,pos
0.7579,0.0,0.348,0.652,Bank of America,pos
0.6249,0.0,0.831,0.169,Bank of America,pos
0.6815,0.103,0.581,0.316,Bank of America,pos
0.7184,0.096,0.538,0.365,Bank of America,pos
0.5574,0.0,0.753,0.247,Bank of America,pos
-0.802,0.277,0.723,0.0,Bank of America,neg
0.5267,0.0,0.882,0.118,Bank of America,pos
0.5267,0.0,0.86,0.14,Bank of America,pos
0.8625,0.099,0.482,0.419,Bank of America,pos
0.7269,0.0,0.728,0.272,Bank of America,pos
-0.9371,0.783,0.217,0.0,Bank of America,neg
-0.8957,0.288,0.66,0.052,Bank of America,neg
-0.5423,0.288,0.542,0.169,Bank of America,neg
0.7076,0.069,0.627,0.304,Bank of America,pos
0.8979,0.0,0.595,0.405,Bank of America,pos
0.9118,0.0,0.601,0.399,Bank of America,pos
0.5106,0.0,0.912,0.088,Bank of America,pos
0.5994,0.054,0.767,0.179,Bank of America,pos
0.8885,0.0,0.489,0.511,Bank of America,pos
0.9517,0.0,0.455,0.545,Bank of America,pos
0.7003,0.0,0.608,0.392,Bank of America,pos
-0.7506,0.234,0.766,0.0,Bank of America,neg
0.9062,0.0,0.652,0.348,Bank of America,pos
0.5574,0.0,0.806,0.194,Bank of America,pos
0.8885,0.0,0.644,0.356,Bank of America,pos
0.5574,0.0,0.833,0.167,Bank of America,pos
-0.765,0.567,0.258,0.175,Bank of America,neg
0.7506,0.0,0.787,0.213,Bank of America,pos
0.8481,0.0,0.74,0.26,Bank of America,pos
-0.8074,0.646,0.354,0.0,Bank of America,neg
0.6705,0.0,0.766,0.234,Bank of America,pos
0.5574,0.0,0.769,0.231,Bank of America,pos
0.8689,0.0,0.71,0.29,Bank of America,pos
0.5994,0.0,0.606,0.394,Bank of America,pos
-0.7506,0.234,0.766,0.0,Bank of America,neg
-0.5106,0.524,0.476,0.0,Bank of America,neg
0.8885,0.0,0.531,0.469,Bank of America,pos
0.7845,0.0,0.786,0.214,Bank of America,pos
-0.6808,0.141,0.859,0.0,Bank of America,neg
0.7506,0.0,0.787,0.213,Bank of America,pos
0.5994,0.0,0.818,0.182,Bank of America,pos
-0.6597,0.257,0.635,0.108,Bank of America,neg
0.7783,0.0,0.606,0.394,Bank of America,pos
0.7783,0.0,0.672,0.328,Bank of America,pos
0.7717,0.0,0.588,0.412,Bank of America,pos
0.8519,0.0,0.671,0.329,Bank of America,pos
0.8316,0.0,0.645,0.355,Bank of America,pos
0.7717,0.0,0.609,0.391,Bank of America,pos
0.875,0.0,0.697,0.303,Bank of America,pos
0.5563,0.0,0.89,0.11,Bank of America,pos
0.5563,0.0,0.89,0.11,Bank of America,pos
0.9118,0.0,0.489,0.511,Bank of America,pos
0.5563,0.0,0.886,0.114,Bank of America,pos
0.6808,0.0,0.556,0.444,Bank of America,pos
-0.7579,0.235,0.717,0.048,Bank of America,neg
0.5106,0.0,0.798,0.202,Bank of America,pos
0.5574,0.0,0.795,0.205,Bank of America,pos
0.8885,0.076,0.433,0.491,Bank of America,pos
0.9136,0.0,0.524,0.476,Bank of America,pos
0.9595,0.0,0.497,0.503,Bank of America,pos
0.6908,0.0,0.573,0.427,Bank of America,pos
0.5574,0.0,0.769,0.231,Bank of America,pos
-0.6808,0.248,0.752,0.0,Bank of America,neg
-0.796,0.395,0.515,0.09,Bank of America,neg
0.6486,0.0,0.791,0.209,Bank of America,pos
0.5267,0.0,0.794,0.206,Bank of America,pos
0.743,0.0,0.613,0.387,Bank of America,pos
-0.6705,0.2,0.8,0.0,Bank of America,neg
0.5956,0.0,0.649,0.351,Bank of America,pos
-0.6249,0.339,0.661,0.0,Bank of America,neg
0.5574,0.0,0.859,0.141,Bank of America,pos
-0.5423,0.368,0.632,0.0,Bank of America,neg
0.5267,0.0,0.872,0.128,Bank of America,pos
0.7003,0.061,0.701,0.238,Bank of America,pos
0.7902,0.0,0.556,0.444,Bank of America,pos
-0.802,0.24,0.708,0.053,Bank of America,neg
0.8625,0.0,0.531,0.469,Bank of America,pos
0.9601,0.0,0.534,0.466,Bank of America,pos
0.9246,0.0,0.609,0.391,Bank of America,pos
0.7003,0.0,0.707,0.293,Bank of America,pos
-0.8934,0.305,0.695,0.0,Bank of America,neg
0.5994,0.056,0.751,0.192,Bank of America,pos
-0.5423,0.246,0.632,0.123,Bank of America,neg
-0.7783,0.245,0.755,0.0,Bank of America,neg
0.9623,0.0,0.439,0.561,Bank of America,pos
0.5859,0.127,0.506,0.367,Bank of America,pos
0.765,0.0,0.691,0.309,Bank of America,pos
-0.5423,0.23,0.7,0.07,Bank of America,neg
-0.6808,0.189,0.811,0.0,Bank of America,neg
0.7096,0.0,0.753,0.247,Bank of America,pos
-0.6808,0.248,0.752,0.0,Bank of America,neg
0.8658,0.0,0.592,0.408,Bank of America,pos
0.8979,0.0,0.48,0.52,Bank of America,pos
0.8658,0.111,0.394,0.495,Bank of America,pos
0.5574,0.0,0.833,0.167,Bank of America,pos
-0.5574,0.31,0.69,0.0,Bank of America,neg
0.6124,0.0,0.881,0.119,Bank of America,pos
0.5574,0.0,0.735,0.265,Bank of America,pos
0.8957,0.0,0.642,0.358,Bank of America,pos
0.7964,0.0,0.712,0.288,Bank of America,pos
0.6369,0.092,0.654,0.254,Bank of America,pos
0.6249,0.0,0.164,0.836,Bank of America,pos
-0.7003,0.459,0.541,0.0,Bank of America,neg
0.9169,0.0,0.502,0.498,Bank of America,pos
0.9153,0.0,0.385,0.615,Bank of America,pos
-0.9349,0.522,0.478,0.0,Bank of America,neg
0.9633,0.0,0.49,0.51,Bank of America,pos
0.5574,0.0,0.795,0.205,Bank of America,pos
0.6597,0.0,0.828,0.172,Bank of America,pos
-0.7506,0.234,0.766,0.0,Bank of America,neg
0.8126,0.177,0.367,0.457,Bank of America,pos
0.9618,0.0,0.516,0.484,Bank of America,pos
-0.7506,0.234,0.766,0.0,Bank of America,neg
-0.5423,0.412,0.588,0.0,Bank of America,neg
0.8074,0.077,0.557,0.366,Bank of America,pos
0.7096,0.0,0.629,0.371,Bank of America,pos
0.9169,0.0,0.437,0.563,Bank of America,pos
-0.5574,0.474,0.526,0.0,Bank of America,neg
0.9042,0.0,0.756,0.244,Bank of America,pos
0.5574,0.0,0.806,0.194,Bank of America,pos
0.5574,0.0,0.847,0.153,Bank of America,pos
0.8885,0.0,0.566,0.434,Bank of America,pos
-0.6597,0.205,0.693,0.102,Bank of America,neg
-0.9136,0.428,0.572,0.0,Bank of America,neg
0.5574,0.0,0.806,0.194,Bank of America,pos
0.743,0.0,0.636,0.364,Bank of America,pos
0.6486,0.118,0.497,0.385,Bank of America,pos
0.6597,0.0,0.722,0.278,Bank of America,pos
0.6908,0.0,0.711,0.289,Bank of America,pos
-0.6344,0.242,0.661,0.097,Bank of America,neg
0.5859,0.111,0.621,0.268,Bank of America,pos
0.5574,0.0,0.769,0.231,Bank of America,pos
-0.6597,0.233,0.651,0.116,Bank of America,neg
-0.7506,0.274,0.726,0.0,Bank of America,neg
0.7579,0.0,0.629,0.371,Bank of America,pos
-0.5267,0.167,0.833,0.0,Bank of America,neg
0.7717,0.0,0.757,0.243,Bank of America,pos
-0.7579,0.224,0.776,0.0,Bank of America,neg
0.6369,0.0,0.574,0.426,Bank of America,pos
0.9042,0.081,0.562,0.357,Bank of America,pos
0.743,0.0,0.787,0.213,Bank of America,pos
0.802,0.0,0.674,0.326,Bank of America,pos
-0.688,0.387,0.613,0.0,Bank of America,neg
0.6908,0.0,0.612,0.388,Bank of America,pos
0.9153,0.0,0.566,0.434,Bank of America,pos
-0.5859,0.302,0.604,0.093,Bank of America,neg
0.5859,0.0,0.759,0.241,Bank of America,pos
0.9217,0.0,0.53,0.47,Bank of America,pos
0.872,0.0,0.618,0.382,Bank of America,pos
0.9468,0.048,0.528,0.424,Bank of America,pos
0.9432,0.0,0.5,0.5,Bank of America,pos
0.6249,0.0,0.843,0.157,Bank of America,pos
-0.6908,0.37,0.63,0.0,Bank of America,neg
-0.7184,0.438,0.562,0.0,Bank of America,neg
0.765,0.0,0.431,0.569,Bank of America,pos
-0.7506,0.204,0.796,0.0,Bank of America,neg
0.8885,0.0,0.531,0.469,Bank of America,pos
0.802,0.0,0.702,0.298,Bank of America,pos
0.5574,0.0,0.847,0.153,Bank of America,pos
-0.7003,0.238,0.64,0.122,Bank of America,neg
0.743,0.075,0.661,0.264,Bank of America,pos
0.5423,0.07,0.737,0.193,Bank of America,pos
0.5574,0.0,0.753,0.247,Bank of America,pos
-0.5267,0.167,0.833,0.0,Bank of America,neg
0.8779,0.0,0.59,0.41,Bank of America,pos
-0.7506,0.262,0.738,0.0,Bank of America,neg
0.5574,0.0,0.769,0.231,Bank of America,pos
-0.7506,0.274,0.726,0.0,Bank of America,neg
0.7351,0.0,0.819,0.181,Bank of America,pos
0.9756,0.057,0.503,0.44,Bank of America,pos
-0.7351,0.286,0.621,0.093,Bank of America,neg
0.7096,0.0,0.753,0.247,Bank of America,pos
-0.5423,0.636,0.364,0.0,Bank of America,neg
0.9349,0.0,0.512,0.488,Bank of America,pos
0.6369,0.0,0.543,0.457,Bank of America,pos
0.9423,0.0,0.557,0.443,Bank of America,pos
0.8176,0.0,0.721,0.279,Bank of America,pos
-0.5574,0.195,0.805,0.0,Bank of America,neg
-0.6705,0.228,0.772,0.0,Bank of America,neg
-0.7506,0.171,0.829,0.0,Bank of America,neg
-0.5574,0.304,0.561,0.136,Bank of America,neg
0.6124,0.088,0.701,0.21,Bank of America,pos
-0.802,0.305,0.695,0.0,Bank of America,neg
-0.7506,0.211,0.789,0.0,Bank of America,neg
-0.802,0.269,0.731,0.0,Bank of America,neg
0.9062,0.0,0.423,0.577,Bank of America,pos
-0.5423,0.636,0.364,0.0,Bank of America,neg
0.6124,0.0,0.865,0.135,Bank of America,pos
0.5574,0.0,0.769,0.231,Bank of America,pos
0.5574,0.0,0.833,0.167,Bank of America,pos
-0.5267,0.199,0.711,0.091,Bank of America,neg
0.7346,0.0,0.744,0.256,Bank of America,pos
-0.7506,0.234,0.766,0.0,Bank of America,neg
-0.5965,0.492,0.508,0.0,Bank of America,neg
-0.7506,0.234,0.766,0.0,Bank of America,neg
-0.7506,0.234,0.766,0.0,Bank of America,neg
-0.7506,0.286,0.714,0.0,Bank of America,neg
-0.9468,0.444,0.556,0.0,Bank of America,neg
0.5574,0.0,0.735,0.265,Bank of America,pos
0.5574,0.0,0.795,0.205,Bank of America,pos
0.8658,0.0,0.637,0.363,Bank of America,pos
-0.7506,0.234,0.766,0.0,Bank of America,neg
0.6908,0.046,0.786,0.168,Bank of America,pos
0.5574,0.0,0.783,0.217,Bank of America,pos
0.765,0.079,0.61,0.311,Bank of America,pos
0.9081,0.0,0.427,0.573,Bank of America,pos
-0.7506,0.252,0.748,0.0,Bank of America,neg
0.8225,0.0,0.691,0.309,Bank of America,pos
-0.5423,0.189,0.811,0.0,Bank of America,neg
-0.9231,0.596,0.404,0.0,Bank of America,neg
0.6908,0.0,0.66,0.34,Bank of America,pos
-0.8625,0.491,0.509,0.0,Bank of America,neg
-0.802,0.261,0.739,0.0,Bank of America,neg
0.91,0.0,0.557,0.443,Bank of America,pos
0.8402,0.0,0.68,0.32,Bank of America,pos
0.5859,0.0,0.725,0.275,Bank of America,pos
0.9477,0.0,0.543,0.457,Bank of America,pos
0.9382,0.0,0.525,0.475,Bank of America,pos
0.7906,0.0,0.795,0.205,Bank of America,pos
0.7096,0.0,0.809,0.191,Bank of America,pos
0.7351,0.0,0.708,0.292,Bank of America,pos
0.5574,0.0,0.886,0.114,Bank of America,pos
0.5267,0.086,0.757,0.158,Bank of America,pos
0.5574,0.0,0.886,0.114,Bank of America,pos
-0.5423,0.467,0.533,0.0,Bank of America,neg
-0.6249,0.291,0.709,0.0,Bank of America,neg
0.6369,0.0,0.813,0.187,Bank of America,pos
-0.5859,0.322,0.678,0.0,Bank of America,neg
0.5574,0.0,0.85,0.15,Bank of America,pos
-0.5574,0.11,0.89,0.0,Bank of America,neg
0.6597,0.126,0.534,0.34,Bank of America,pos
0.9062,0.0,0.423,0.577,Bank of America,pos
-0.8481,0.671,0.329,0.0,Bank of America,neg
0.7096,0.0,0.566,0.434,Bank of America,pos
-0.5423,0.297,0.574,0.129,Bank of America,neg
0.765,0.0,0.719,0.281,Bank of America,pos
0.765,0.0,0.719,0.281,Bank of America,pos
0.6486,0.0,0.751,0.249,Bank of America,pos
0.765,0.0,0.719,0.281,Bank of America,pos
0.765,0.0,0.719,0.281,Bank of America,pos
0.765,0.0,0.719,0.281,Bank of America,pos
0.765,0.0,0.728,0.272,Bank of America,pos
-0.5106,0.32,0.68,0.0,Bank of America,neg
0.875,0.0,0.444,0.556,Bank of America,pos
0.5106,0.157,0.562,0.281,Bank of America,pos
0.7351,0.0,0.563,0.437,Bank of America,pos
-0.6908,0.655,0.345,0.0,Bank of America,neg
0.7351,0.0,0.563,0.437,Bank of America,pos
0.5574,0.0,0.841,0.159,Bank of America,pos
-0.5423,0.636,0.364,0.0,Bank of America,neg
0.875,0.0,0.796,0.204,Bank of America,pos
-0.802,0.286,0.714,0.0,Bank of America,neg
0.6249,0.0,0.745,0.255,Bank of America,pos
0.91,0.0,0.719,0.281,Bank of America,pos
0.5574,0.0,0.878,0.122,Bank of America,pos
0.6249,0.0,0.745,0.255,Bank of America,pos
0.5994,0.0,0.435,0.565,Bank of America,pos
0.6249,0.0,0.728,0.272,Bank of America,pos
-0.7906,0.405,0.492,0.102,Bank of America,neg
-0.6124,0.174,0.826,0.0,Wells Fargo Bank,neg
0.7845,0.0,0.796,0.204,Wells Fargo Bank,pos
0.926,0.0,0.473,0.527,Wells Fargo Bank,pos
0.5994,0.248,0.146,0.606,Wells Fargo Bank,pos
0.7089,0.0,0.796,0.204,Wells Fargo Bank,pos
0.5423,0.0,0.847,0.153,Wells Fargo Bank,pos
0.5719,0.0,0.773,0.227,Wells Fargo Bank,pos
0.8807,0.0,0.596,0.404,Wells Fargo Bank,pos
0.6124,0.0,0.727,0.273,Wells Fargo Bank,pos
0.765,0.0,0.515,0.485,Wells Fargo Bank,pos
-0.5574,0.228,0.691,0.081,Wells Fargo Bank,neg
-0.8779,0.326,0.544,0.13,Wells Fargo Bank,neg
0.5118,0.085,0.706,0.208,Wells Fargo Bank,pos
0.5859,0.133,0.593,0.274,Wells Fargo Bank,pos
-0.743,0.58,0.28,0.14,Wells Fargo Bank,neg
-0.8591,0.304,0.696,0.0,Wells Fargo Bank,neg
-0.802,0.253,0.656,0.09,Wells Fargo Bank,neg
-0.8481,0.671,0.197,0.132,Wells Fargo Bank,neg
-0.7096,0.264,0.736,0.0,Wells Fargo Bank,neg
0.5106,0.0,0.848,0.152,Wells Fargo Bank,pos
0.802,0.14,0.529,0.331,Wells Fargo Bank,pos
-0.8957,0.416,0.519,0.065,Wells Fargo Bank,neg
0.8519,0.0,0.724,0.276,Wells Fargo Bank,pos
0.5423,0.082,0.76,0.158,Wells Fargo Bank,pos
0.9325,0.0,0.705,0.295,Wells Fargo Bank,pos
-0.5267,0.355,0.484,0.161,Wells Fargo Bank,neg
0.6249,0.138,0.462,0.4,Wells Fargo Bank,pos
-0.6808,0.387,0.462,0.151,Wells Fargo Bank,neg
0.5859,0.136,0.659,0.205,Wells Fargo Bank,pos
0.8807,0.0,0.582,0.418,Wells Fargo Bank,pos
0.886,0.0,0.64,0.36,Wells Fargo Bank,pos
0.7783,0.0,0.642,0.358,Wells Fargo Bank,pos
0.6808,0.0,0.699,0.301,Wells Fargo Bank,pos
-0.5106,0.249,0.657,0.094,Wells Fargo Bank,neg
0.802,0.0,0.631,0.369,Wells Fargo Bank,pos
0.802,0.0,0.594,0.406,Wells Fargo Bank,pos
0.8689,0.0,0.546,0.454,Wells Fargo Bank,pos
0.802,0.0,0.594,0.406,Wells Fargo Bank,pos
0.9325,0.0,0.407,0.593,Wells Fargo Bank,pos
0.802,0.0,0.647,0.353,Wells Fargo Bank,pos
0.7783,0.0,0.658,0.342,Wells Fargo Bank,pos
0.5423,0.0,0.71,0.29,Wells Fargo Bank,pos
-0.5423,0.467,0.533,0.0,Wells Fargo Bank,neg
-0.9001,0.5,0.407,0.093,Wells Fargo Bank,neg
0.6808,0.0,0.699,0.301,Wells Fargo Bank,pos
0.802,0.0,0.613,0.387,Wells Fargo Bank,pos
0.836,0.136,0.47,0.394,Wells Fargo Bank,pos
0.802,0.0,0.675,0.325,Wells Fargo Bank,pos
0.7717,0.0,0.565,0.435,Wells Fargo Bank,pos
-0.5106,0.289,0.532,0.179,Wells Fargo Bank,neg
0.7783,0.0,0.642,0.358,Wells Fargo Bank,pos
0.8625,0.093,0.541,0.366,Wells Fargo Bank,pos
0.6808,0.0,0.699,0.301,Wells Fargo Bank,pos
0.802,0.0,0.573,0.427,Wells Fargo Bank,pos
0.7783,0.0,0.658,0.342,Wells Fargo Bank,pos
0.6808,0.0,0.682,0.318,Wells Fargo Bank,pos
0.6808,0.0,0.714,0.286,Wells Fargo Bank,pos
0.802,0.0,0.573,0.427,Wells Fargo Bank,pos
0.6808,0.0,0.699,0.301,Wells Fargo Bank,pos
0.6808,0.0,0.714,0.286,Wells Fargo Bank,pos
0.6808,0.0,0.699,0.301,Wells Fargo Bank,pos
0.6808,0.0,0.699,0.301,Wells Fargo Bank,pos
0.6597,0.1,0.607,0.293,Wells Fargo Bank,pos
-0.8957,0.389,0.543,0.068,Wells Fargo Bank,neg
0.6808,0.0,0.682,0.318,Wells Fargo Bank,pos
0.6808,0.0,0.682,0.318,Wells Fargo Bank,pos
0.6808,0.0,0.682,0.318,Wells Fargo Bank,pos
0.6808,0.0,0.714,0.286,Wells Fargo Bank,pos
0.6808,0.0,0.699,0.301,Wells Fargo Bank,pos
0.765,0.0,0.78,0.22,Wells Fargo Bank,pos
0.802,0.0,0.594,0.406,Wells Fargo Bank,pos
0.802,0.0,0.613,0.387,Wells Fargo Bank,pos
0.6808,0.0,0.682,0.318,Wells Fargo Bank,pos
0.7096,0.109,0.485,0.406,Wells Fargo Bank,pos
-0.872,0.585,0.218,0.197,Wells Fargo Bank,neg
0.5423,0.0,0.727,0.273,Wells Fargo Bank,pos
0.6808,0.0,0.728,0.272,Wells Fargo Bank,pos
0.5994,0.0,0.588,0.412,Wells Fargo Bank,pos
-0.6908,0.221,0.671,0.108,Wells Fargo Bank,neg
0.8225,0.095,0.614,0.291,Wells Fargo Bank,pos
0.7506,0.0,0.757,0.243,Wells Fargo Bank,pos
0.9246,0.0,0.741,0.259,Wells Fargo Bank,pos
0.9349,0.067,0.575,0.358,Wells Fargo Bank,pos
0.8481,0.0,0.707,0.293,Wells Fargo Bank,pos
0.8481,0.0,0.707,0.293,Wells Fargo Bank,pos
0.9062,0.0,0.704,0.296,Wells Fargo Bank,pos
0.9153,0.0,0.485,0.515,Wells Fargo Bank,pos
0.9287,0.0,0.579,0.421,Wells Fargo Bank,pos
0.6808,0.0,0.752,0.248,Wells Fargo Bank,pos
-0.743,0.22,0.68,0.1,Wells Fargo Bank,neg
0.7269,0.0,0.756,0.244,Wells Fargo Bank,pos
0.6808,0.0,0.728,0.272,Wells Fargo Bank,pos
0.8705,0.146,0.338,0.516,Wells Fargo Bank,pos
-0.5267,0.195,0.805,0.0,Wells Fargo Bank,neg
0.5106,0.192,0.397,0.411,Wells Fargo Bank,pos
0.891,0.065,0.529,0.406,Wells Fargo Bank,pos
0.764,0.15,0.302,0.548,Wells Fargo Bank,pos
-0.6808,0.381,0.519,0.1,Wells Fargo Bank,neg
-0.6808,0.141,0.859,0.0,Wells Fargo Bank,neg
0.7783,0.0,0.719,0.281,Wells Fargo Bank,pos
0.6486,0.0,0.741,0.259,Wells Fargo Bank,pos
0.7717,0.0,0.7,0.3,Wells Fargo Bank,pos
-0.5423,0.467,0.533,0.0,Wells Fargo Bank,neg
-0.6124,0.357,0.643,0.0,Wells Fargo Bank,neg
0.9217,0.052,0.629,0.318,Wells Fargo Bank,pos
0.5994,0.0,0.588,0.412,Wells Fargo Bank,pos
-0.8451,0.421,0.486,0.092,Wells Fargo Bank,neg
0.9062,0.0,0.435,0.565,Wells Fargo Bank,pos
-0.5423,0.382,0.366,0.251,Wells Fargo Bank,neg
0.6597,0.122,0.697,0.18,Wells Fargo Bank,pos
0.6597,0.1,0.607,0.293,Wells Fargo Bank,pos
0.8519,0.0,0.751,0.249,Wells Fargo Bank,pos
0.802,0.0,0.594,0.406,Wells Fargo Bank,pos
0.6369,0.0,0.543,0.457,Wells Fargo Bank,pos
0.6808,0.0,0.728,0.272,Wells Fargo Bank,pos
0.802,0.0,0.613,0.387,Wells Fargo Bank,pos
0.6808,0.0,0.699,0.301,Wells Fargo Bank,pos
0.802,0.0,0.631,0.369,Wells Fargo Bank,pos
-0.7269,0.278,0.596,0.127,Wells Fargo Bank,neg
0.802,0.0,0.613,0.387,Wells Fargo Bank,pos
0.6705,0.068,0.708,0.224,Wells Fargo Bank,pos
0.7783,0.0,0.642,0.358,Wells Fargo Bank,pos
-0.765,0.325,0.613,0.061,Wells Fargo Bank,neg
0.6808,0.0,0.682,0.318,Wells Fargo Bank,pos
0.7783,0.0,0.658,0.342,Wells Fargo Bank,pos
0.802,0.0,0.594,0.406,Wells Fargo Bank,pos
-0.5267,0.268,0.61,0.122,Wells Fargo Bank,neg
0.802,0.0,0.594,0.406,Wells Fargo Bank,pos
0.6808,0.0,0.699,0.301,Wells Fargo Bank,pos
0.6808,0.0,0.714,0.286,Wells Fargo Bank,pos
0.7783,0.0,0.658,0.342,Wells Fargo Bank,pos
0.836,0.0,0.568,0.432,Wells Fargo Bank,pos
0.6808,0.0,0.699,0.301,Wells Fargo Bank,pos
0.7783,0.0,0.642,0.358,Wells Fargo Bank,pos
0.836,0.0,0.568,0.432,Wells Fargo Bank,pos
0.7783,0.0,0.625,0.375,Wells Fargo Bank,pos
0.7783,0.0,0.642,0.358,Wells Fargo Bank,pos
0.802,0.0,0.613,0.387,Wells Fargo Bank,pos
0.6808,0.0,0.714,0.286,Wells Fargo Bank,pos
0.802,0.0,0.573,0.427,Wells Fargo Bank,pos
0.6808,0.0,0.699,0.301,Wells Fargo Bank,pos
0.7783,0.0,0.658,0.342,Wells Fargo Bank,pos
0.802,0.0,0.613,0.387,Wells Fargo Bank,pos
0.802,0.0,0.594,0.406,Wells Fargo Bank,pos
0.6808,0.0,0.699,0.301,Wells Fargo Bank,pos
0.6808,0.0,0.714,0.286,Wells Fargo Bank,pos
-0.5719,0.139,0.861,0.0,Wells Fargo Bank,neg
-0.5719,0.125,0.875,0.0,Wells Fargo Bank,neg
-0.7906,0.421,0.579,0.0,Wells Fargo Bank,neg
0.9413,0.0,0.688,0.312,Wells Fargo Bank,pos
-0.5719,0.129,0.871,0.0,Wells Fargo Bank,neg
0.6597,0.1,0.607,0.293,Wells Fargo Bank,pos
0.8779,0.033,0.672,0.295,Wells Fargo Bank,pos
0.5106,0.0,0.699,0.301,Wells Fargo Bank,pos
0.6486,0.0,0.762,0.238,Wells Fargo Bank,pos
0.7351,0.0,0.492,0.508,Wells Fargo Bank,pos
0.6229,0.0,0.702,0.298,Wells Fargo Bank,pos
-0.875,0.444,0.481,0.074,Wells Fargo Bank,neg
0.6808,0.0,0.714,0.286,Wells Fargo Bank,pos
0.5574,0.0,0.685,0.315,Wells Fargo Bank,pos
0.5267,0.081,0.64,0.279,Wells Fargo Bank,pos
0.5267,0.079,0.719,0.201,Wells Fargo Bank,pos
0.818,0.191,0.3,0.509,Wells Fargo Bank,pos
-0.926,0.547,0.377,0.075,Wells Fargo Bank,neg
0.8316,0.0,0.588,0.412,Wells Fargo Bank,pos
0.7906,0.0,0.2,0.8,Wells Fargo Bank,pos
0.5994,0.107,0.558,0.335,Wells Fargo Bank,pos
0.5106,0.097,0.712,0.191,Wells Fargo Bank,pos
0.6597,0.1,0.607,0.293,Wells Fargo Bank,pos
-0.6249,0.577,0.423,0.0,Wells Fargo Bank,neg
0.6597,0.1,0.607,0.293,Wells Fargo Bank,pos
0.7506,0.0,0.732,0.268,Wells Fargo Bank,pos
-0.6249,0.506,0.494,0.0,Wells Fargo Bank,neg
0.5574,0.0,0.813,0.187,Wells Fargo Bank,pos
0.7506,0.077,0.73,0.193,Wells Fargo Bank,pos
-0.8016,0.297,0.703,0.0,Wells Fargo Bank,neg
-0.5994,0.371,0.503,0.126,Wells Fargo Bank,neg
0.6597,0.0,0.833,0.167,Wells Fargo Bank,pos
0.6808,0.126,0.534,0.34,Wells Fargo Bank,pos
-0.6705,0.205,0.74,0.055,Wells Fargo Bank,neg
0.8689,0.0,0.546,0.454,Wells Fargo Bank,pos
0.7783,0.0,0.642,0.358,Wells Fargo Bank,pos
0.6666,0.0,0.687,0.313,Wells Fargo Bank,pos
0.8689,0.0,0.546,0.454,Wells Fargo Bank,pos
0.8689,0.0,0.546,0.454,Wells Fargo Bank,pos
0.802,0.0,0.594,0.406,Wells Fargo Bank,pos
0.6808,0.0,0.699,0.301,Wells Fargo Bank,pos
-0.6597,0.294,0.603,0.103,Wells Fargo Bank,neg
0.6369,0.056,0.68,0.264,Wells Fargo Bank,pos
0.5106,0.0,0.845,0.155,Wells Fargo Bank,pos
0.6808,0.0,0.714,0.286,Wells Fargo Bank,pos
0.5859,0.0,0.625,0.375,Wells Fargo Bank,pos
-0.7783,0.199,0.752,0.049,Wells Fargo Bank,neg
0.5859,0.0,0.652,0.348,Wells Fargo Bank,pos
0.6808,0.0,0.699,0.301,Wells Fargo Bank,pos
0.802,0.0,0.613,0.387,Wells Fargo Bank,pos
0.8689,0.0,0.546,0.454,Wells Fargo Bank,pos
0.7717,0.061,0.68,0.259,Wells Fargo Bank,pos
0.5859,0.0,0.652,0.348,Wells Fargo Bank,pos
0.6808,0.0,0.682,0.318,Wells Fargo Bank,pos
0.6808,0.0,0.699,0.301,Wells Fargo Bank,pos
0.802,0.0,0.594,0.406,Wells Fargo Bank,pos
0.7783,0.0,0.658,0.342,Wells Fargo Bank,pos
0.7506,0.0,0.763,0.237,Wells Fargo Bank,pos
0.802,0.0,0.594,0.406,Wells Fargo Bank,pos
0.6808,0.0,0.682,0.318,Wells Fargo Bank,pos
0.7783,0.0,0.658,0.342,Wells Fargo Bank,pos
0.7783,0.0,0.658,0.342,Wells Fargo Bank,pos
0.8689,0.0,0.546,0.454,Wells Fargo Bank,pos
0.7783,0.0,0.625,0.375,Wells Fargo Bank,pos
0.802,0.0,0.613,0.387,Wells Fargo Bank,pos
0.802,0.0,0.594,0.406,Wells Fargo Bank,pos
0.6808,0.0,0.714,0.286,Wells Fargo Bank,pos
0.802,0.0,0.613,0.387,Wells Fargo Bank,pos
0.7783,0.0,0.625,0.375,Wells Fargo Bank,pos
0.6808,0.0,0.699,0.301,Wells Fargo Bank,pos
0.802,0.0,0.594,0.406,Wells Fargo Bank,pos
0.7783,0.0,0.658,0.342,Wells Fargo Bank,pos
0.802,0.0,0.594,0.406,Wells Fargo Bank,pos
0.802,0.0,0.594,0.406,Wells Fargo Bank,pos
0.6808,0.0,0.714,0.286,Wells Fargo Bank,pos
0.875,0.0,0.658,0.342,Wells Fargo Bank,pos
0.7506,0.0,0.769,0.231,Wells Fargo Bank,pos
0.7506,0.0,0.704,0.296,Wells Fargo Bank,pos
0.7506,0.0,0.704,0.296,Wells Fargo Bank,pos
0.7506,0.0,0.763,0.237,Wells Fargo Bank,pos
0.7506,0.0,0.714,0.286,Wells Fargo Bank,pos
0.743,0.0,0.64,0.36,Wells Fargo Bank,pos
0.6808,0.0,0.699,0.301,Wells Fargo Bank,pos
-0.5267,0.306,0.561,0.133,Wells Fargo Bank,neg
0.802,0.0,0.613,0.387,Wells Fargo Bank,pos
0.6808,0.0,0.714,0.286,Wells Fargo Bank,pos
0.6808,0.0,0.714,0.286,Wells Fargo Bank,pos
0.7783,0.0,0.658,0.342,Wells Fargo Bank,pos
0.5994,0.0,0.505,0.495,Wells Fargo Bank,pos
0.8625,0.078,0.648,0.274,Wells Fargo Bank,pos
0.9349,0.0,0.714,0.286,Wells Fargo Bank,pos
0.7003,0.0,0.595,0.405,Wells Fargo Bank,pos
0.8225,0.055,0.751,0.194,Wells Fargo Bank,pos
0.7906,0.0,0.795,0.205,Wells Fargo Bank,pos
-0.9468,0.459,0.434,0.107,Wells Fargo Bank,neg
0.5719,0.095,0.649,0.255,Wells Fargo Bank,pos
0.5719,0.0,0.793,0.207,Wells Fargo Bank,pos
0.8402,0.035,0.704,0.261,Wells Fargo Bank,pos
0.7003,0.107,0.621,0.271,Wells Fargo Bank,pos
0.7906,0.0,0.556,0.444,Wells Fargo Bank,pos
0.7717,0.086,0.614,0.3,Wells Fargo Bank,pos
0.5106,0.161,0.521,0.318,Wells Fargo Bank,pos
0.5859,0.0,0.696,0.304,Wells Fargo Bank,pos
-0.7096,0.496,0.504,0.0,Wells Fargo Bank,neg
-0.6124,0.429,0.429,0.143,Wells Fargo Bank,neg
0.7506,0.0,0.792,0.208,Wells Fargo Bank,pos
0.7506,0.0,0.775,0.225,Wells Fargo Bank,pos
0.7506,0.0,0.756,0.244,Wells Fargo Bank,pos
0.7506,0.0,0.724,0.276,Wells Fargo Bank,pos
0.7506,0.0,0.781,0.219,Wells Fargo Bank,pos
-0.8555,0.38,0.547,0.073,Wells Fargo Bank,neg
0.5423,0.0,0.791,0.209,Wells Fargo Bank,pos
-0.5859,0.429,0.385,0.186,Wells Fargo Bank,neg
-0.5106,0.187,0.689,0.124,Wells Fargo Bank,neg
0.6705,0.13,0.542,0.329,Wells Fargo Bank,pos
0.886,0.0,0.556,0.444,Wells Fargo Bank,pos
0.5106,0.079,0.664,0.257,Wells Fargo Bank,pos
0.6249,0.0,0.495,0.505,Wells Fargo Bank,pos
-0.8369,0.353,0.582,0.065,Wells Fargo Bank,neg
0.5859,0.0,0.652,0.348,Wells Fargo Bank,pos
0.5267,0.092,0.672,0.235,Wells Fargo Bank,pos
-0.5423,0.368,0.632,0.0,Wells Fargo Bank,neg
-0.7184,0.321,0.612,0.066,Wells Fargo Bank,neg
0.8442,0.0,0.627,0.373,Wells Fargo Bank,pos
0.7184,0.0,0.81,0.19,Wells Fargo Bank,pos
-0.7096,0.244,0.644,0.112,Wells Fargo Bank,neg
0.5719,0.0,0.46,0.54,Wells Fargo Bank,pos
0.7003,0.062,0.664,0.274,Wells Fargo Bank,pos
-0.6124,0.357,0.643,0.0,Wells Fargo Bank,neg
0.802,0.0,0.631,0.369,Wells Fargo Bank,pos
0.5859,0.091,0.714,0.195,Wells Fargo Bank,pos
-0.7096,0.317,0.602,0.08,Wells Fargo Bank,neg
0.6808,0.0,0.699,0.301,Wells Fargo Bank,pos
0.7783,0.0,0.642,0.358,Wells Fargo Bank,pos
0.6808,0.0,0.714,0.286,Wells Fargo Bank,pos
0.802,0.0,0.631,0.369,Wells Fargo Bank,pos
0.8591,0.0,0.709,0.291,Wells Fargo Bank,pos
0.9001,0.0,0.519,0.481,Wells Fargo Bank,pos
-0.6486,0.384,0.493,0.123,Wells Fargo Bank,neg
0.5994,0.0,0.726,0.274,Wells Fargo Bank,pos
0.802,0.0,0.594,0.406,Wells Fargo Bank,pos
0.802,0.0,0.613,0.387,Wells Fargo Bank,pos
0.875,0.0,0.739,0.261,Wells Fargo Bank,pos
0.765,0.063,0.657,0.28,Wells Fargo Bank,pos
-0.5859,0.235,0.608,0.157,Wells Fargo Bank,neg
0.6808,0.0,0.699,0.301,Wells Fargo Bank,pos
0.6808,0.0,0.699,0.301,Wells Fargo Bank,pos
0.7783,0.0,0.658,0.342,Wells Fargo Bank,pos
0.802,0.0,0.613,0.387,Wells Fargo Bank,pos
0.7783,0.0,0.658,0.342,Wells Fargo Bank,pos
0.6808,0.0,0.682,0.318,Wells Fargo Bank,pos
0.6808,0.0,0.699,0.301,Wells Fargo Bank,pos
0.802,0.0,0.594,0.406,Wells Fargo Bank,pos
0.802,0.0,0.613,0.387,Wells Fargo Bank,pos
0.802,0.0,0.594,0.406,Wells Fargo Bank,pos
-0.9633,0.51,0.445,0.045,Wells Fargo Bank,neg
0.7096,0.091,0.691,0.218,Wells Fargo Bank,pos
0.5423,0.073,0.57,0.358,Wells Fargo Bank,pos
0.802,0.0,0.573,0.427,Wells Fargo Bank,pos
0.802,0.0,0.613,0.387,Wells Fargo Bank,pos
0.6808,0.0,0.699,0.301,Wells Fargo Bank,pos
-0.7184,0.538,0.308,0.154,Wells Fargo Bank,neg
0.9118,0.0,0.728,0.272,Wells Fargo Bank,pos
-0.802,0.254,0.691,0.055,Wells Fargo Bank,neg
0.8957,0.072,0.574,0.354,Wells Fargo Bank,pos
0.6705,0.206,0.476,0.318,Wells Fargo Bank,pos
0.7096,0.099,0.675,0.226,Wells Fargo Bank,pos
0.9169,0.129,0.397,0.474,Wells Fargo Bank,pos
0.8402,0.0,0.182,0.818,Wells Fargo Bank,pos
0.9337,0.0,0.528,0.472,Wells Fargo Bank,pos
-0.7906,0.875,0.125,0.0,Wells Fargo Bank,neg
-0.7964,0.372,0.401,0.226,Wells Fargo Bank,neg
-0.802,0.338,0.504,0.158,Wells Fargo Bank,neg
0.802,0.0,0.714,0.286,Wells Fargo Bank,pos
0.5994,0.0,0.671,0.329,Wells Fargo Bank,pos
0.7906,0.0,0.68,0.32,Wells Fargo Bank,pos
-0.6249,0.506,0.494,0.0,Wells Fargo Bank,neg
0.8176,0.0,0.754,0.246,Wells Fargo Bank,pos
0.5106,0.0,0.677,0.323,Wells Fargo Bank,pos
-0.765,0.559,0.294,0.147,Wells Fargo Bank,neg
-0.7506,0.281,0.599,0.12,Wells Fargo Bank,neg
0.5994,0.0,0.449,0.551,Wells Fargo Bank,pos
0.6597,0.066,0.66,0.274,Wells Fargo Bank,pos
0.6808,0.0,0.752,0.248,Wells Fargo Bank,pos
-0.7645,0.336,0.664,0.0,Wells Fargo Bank,neg
-0.6486,0.324,0.48,0.195,Wells Fargo Bank,neg
0.6486,0.0,0.602,0.398,Wells Fargo Bank,pos
0.5423,0.163,0.596,0.241,Wells Fargo Bank,pos
-0.6808,0.384,0.616,0.0,Wells Fargo Bank,neg
0.9638,0.0,0.5,0.5,Wells Fargo Bank,pos
0.9638,0.0,0.5,0.5,Wells Fargo Bank,pos
0.9638,0.0,0.5,0.5,Wells Fargo Bank,pos
0.9638,0.0,0.5,0.5,Wells Fargo Bank,pos
0.9638,0.0,0.5,0.5,Wells Fargo Bank,pos
0.9638,0.0,0.5,0.5,Wells Fargo Bank,pos
0.9638,0.0,0.5,0.5,Wells Fargo Bank,pos
0.9638,0.0,0.5,0.5,Wells Fargo Bank,pos
0.9638,0.0,0.5,0.5,Wells Fargo Bank,pos
0.9638,0.0,0.5,0.5,Wells Fargo Bank,pos
0.9638,0.0,0.5,0.5,Wells Fargo Bank,pos
0.9638,0.0,0.5,0.5,Wells Fargo Bank,pos
0.9638,0.0,0.5,0.5,Wells Fargo Bank,pos
0.9638,0.0,0.5,0.5,Wells Fargo Bank,pos
0.9638,0.0,0.5,0.5,Wells Fargo Bank,pos
0.9638,0.0,0.5,0.5,Wells Fargo Bank,pos
0.9638,0.0,0.5,0.5,Wells Fargo Bank,pos
0.9638,0.0,0.5,0.5,Wells Fargo Bank,pos
0.9638,0.0,0.5,0.5,Wells Fargo Bank,pos
0.9638,0.0,0.5,0.5,Wells Fargo Bank,pos
0.9638,0.0,0.5,0.5,Wells Fargo Bank,pos
0.9638,0.0,0.5,0.5,Wells Fargo Bank,pos
0.9638,0.0,0.5,0.5,Wells Fargo Bank,pos
0.9638,0.0,0.5,0.5,Wells Fargo Bank,pos
-0.5423,0.149,0.851,0.0,Wells Fargo Bank,neg
0.7964,0.091,0.634,0.275,Wells Fargo Bank,pos
-0.7783,0.609,0.234,0.156,Wells Fargo Bank,neg
0.5423,0.0,0.824,0.176,Wells Fargo Bank,pos
0.7184,0.0,0.806,0.194,Wells Fargo Bank,pos
-0.8271,0.264,0.681,0.054,Wells Fargo Bank,neg
0.7269,0.0,0.755,0.245,Wells Fargo Bank,pos
0.7003,0.0,0.805,0.195,Wells Fargo Bank,pos
0.5994,0.0,0.86,0.14,Wells Fargo Bank,pos
0.6249,0.157,0.511,0.332,Wells Fargo Bank,pos
0.6808,0.0,0.699,0.301,Wells Fargo Bank,pos
0.8555,0.0,0.591,0.409,Wells Fargo Bank,pos
0.7783,0.0,0.642,0.358,Wells Fargo Bank,pos
0.5574,0.0,0.723,0.277,Wells Fargo Bank,pos
0.802,0.0,0.594,0.406,Wells Fargo Bank,pos
0.9081,0.0,0.451,0.549,Wells Fargo Bank,pos
-0.6486,0.15,0.85,0.0,Wells Fargo Bank,neg
0.6369,0.0,0.776,0.224,Wells Fargo Bank,pos
-0.9403,0.459,0.476,0.065,Wells Fargo Bank,neg
0.5574,0.0,0.723,0.277,Wells Fargo Bank,pos
0.6808,0.0,0.682,0.318,Wells Fargo Bank,pos
0.6808,0.0,0.682,0.318,Wells Fargo Bank,pos
0.802,0.0,0.594,0.406,Wells Fargo Bank,pos
-0.743,0.282,0.513,0.205,Wells Fargo Bank,neg
0.6808,0.0,0.682,0.318,Wells Fargo Bank,pos
0.7717,0.0,0.767,0.233,Wells Fargo Bank,pos
0.7717,0.0,0.749,0.251,Wells Fargo Bank,pos
0.7783,0.0,0.625,0.375,Wells Fargo Bank,pos
0.802,0.0,0.613,0.387,Wells Fargo Bank,pos
0.6808,0.0,0.699,0.301,Wells Fargo Bank,pos
0.6808,0.0,0.699,0.301,Wells Fargo Bank,pos
0.6808,0.0,0.714,0.286,Wells Fargo Bank,pos
0.6808,0.0,0.663,0.337,Wells Fargo Bank,pos
0.802,0.0,0.594,0.406,Wells Fargo Bank,pos
0.6808,0.0,0.682,0.318,Wells Fargo Bank,pos
0.9081,0.0,0.451,0.549,Wells Fargo Bank,pos
0.6808,0.0,0.699,0.301,Wells Fargo Bank,pos
0.7351,0.0,0.801,0.199,Wells Fargo Bank,pos
0.6808,0.0,0.682,0.318,Wells Fargo Bank,pos
0.6808,0.0,0.714,0.286,Wells Fargo Bank,pos
0.7783,0.0,0.658,0.342,Wells Fargo Bank,pos
0.6808,0.0,0.699,0.301,Wells Fargo Bank,pos
0.6808,0.0,0.714,0.286,Wells Fargo Bank,pos
0.6808,0.0,0.714,0.286,Wells Fargo Bank,pos
0.5859,0.0,0.676,0.324,Wells Fargo Bank,pos
0.5859,0.0,0.676,0.324,Wells Fargo Bank,pos
-0.8885,0.317,0.567,0.116,Wells Fargo Bank,neg
0.5423,0.0,0.809,0.191,Wells Fargo Bank,pos
0.743,0.0,0.552,0.448,Wells Fargo Bank,pos
0.5859,0.0,0.625,0.375,Wells Fargo Bank,pos
0.5106,0.0,0.719,0.281,Wells Fargo Bank,pos
0.8074,0.0,0.659,0.341,Wells Fargo Bank,pos
-0.8555,0.362,0.427,0.211,Wells Fargo Bank,neg
-0.9062,0.43,0.475,0.095,Wells Fargo Bank,neg
0.5423,0.0,0.757,0.243,Wells Fargo Bank,pos
0.5859,0.0,0.633,0.367,Wells Fargo Bank,pos
0.7506,0.0,0.802,0.198,Wells Fargo Bank,pos
0.8555,0.085,0.503,0.412,Wells Fargo Bank,pos
0.9246,0.0,0.446,0.554,Wells Fargo Bank,pos
0.836,0.0,0.574,0.426,Wells Fargo Bank,pos
0.9442,0.0,0.677,0.323,Wells Fargo Bank,pos
0.7269,0.0,0.855,0.145,Wells Fargo Bank,pos
0.6808,0.0,0.699,0.301,Wells Fargo Bank,pos
0.802,0.0,0.594,0.406,Wells Fargo Bank,pos
0.6808,0.0,0.699,0.301,Wells Fargo Bank,pos
0.6808,0.0,0.728,0.272,Wells Fargo Bank,pos
0.802,0.0,0.594,0.406,Wells Fargo Bank,pos
0.8225,0.072,0.673,0.255,Wells Fargo Bank,pos
0.6486,0.0,0.777,0.223,Wells Fargo Bank,pos
0.7783,0.0,0.642,0.358,Wells Fargo Bank,pos
0.8555,0.0,0.591,0.409,Wells Fargo Bank,pos
0.8555,0.0,0.574,0.426,Wells Fargo Bank,pos
0.802,0.0,0.594,0.406,Wells Fargo Bank,pos
0.6808,0.0,0.699,0.301,Wells Fargo Bank,pos
0.6808,0.0,0.699,0.301,Wells Fargo Bank,pos
0.6808,0.138,0.426,0.436,Wells Fargo Bank,pos
0.6808,0.0,0.714,0.286,Wells Fargo Bank,pos
0.6808,0.0,0.714,0.286,Wells Fargo Bank,pos
0.802,0.0,0.594,0.406,Wells Fargo Bank,pos
0.802,0.0,0.613,0.387,Wells Fargo Bank,pos
0.802,0.0,0.573,0.427,Wells Fargo Bank,pos
0.7783,0.0,0.658,0.342,Wells Fargo Bank,pos
0.6808,0.0,0.699,0.301,Wells Fargo Bank,pos
0.6808,0.0,0.699,0.301,Wells Fargo Bank,pos
0.802,0.0,0.594,0.406,Wells Fargo Bank,pos
0.9217,0.065,0.666,0.269,Wells Fargo Bank,pos
0.6808,0.0,0.714,0.286,Wells Fargo Bank,pos
0.6808,0.0,0.714,0.286,Wells Fargo Bank,pos
0.802,0.0,0.594,0.406,Wells Fargo Bank,pos
0.6808,0.0,0.714,0.286,Wells Fargo Bank,pos
0.6808,0.0,0.682,0.318,Wells Fargo Bank,pos
-0.6808,0.444,0.556,0.0,Wells Fargo Bank,neg
0.7783,0.131,0.448,0.422,Wells Fargo Bank,pos
0.9062,0.068,0.383,0.549,Wells Fargo Bank,pos
0.7269,0.191,0.462,0.348,Wells Fargo Bank,pos
-0.6808,0.384,0.616,0.0,Wells Fargo Bank,neg
0.7351,0.0,0.392,0.608,Wells Fargo Bank,pos
0.836,0.0,0.586,0.414,Wells Fargo Bank,pos
0.5574,0.0,0.705,0.295,Wells Fargo Bank,pos
-0.6808,0.322,0.593,0.085,Wells Fargo Bank,neg
0.7506,0.0,0.288,0.712,Wells Fargo Bank,pos
0.5106,0.064,0.738,0.198,Wells Fargo Bank,pos
0.7845,0.081,0.623,0.296,Wells Fargo Bank,pos
0.8834,0.0,0.586,0.414,Wells Fargo Bank,pos
0.9246,0.0,0.569,0.431,Wells Fargo Bank,pos
0.7269,0.187,0.373,0.44,Wells Fargo Bank,pos
-0.7783,0.317,0.588,0.095,Wells Fargo Bank,neg
-0.743,0.247,0.573,0.18,Wells Fargo Bank,neg
-0.7845,0.273,0.727,0.0,Wells Fargo Bank,neg
-0.5267,0.14,0.796,0.064,Wells Fargo Bank,neg
0.6808,0.0,0.431,0.569,Wells Fargo Bank,pos
0.7783,0.0,0.747,0.253,Wells Fargo Bank,pos
0.8555,0.08,0.673,0.247,Wells Fargo Bank,pos
0.6808,0.0,0.752,0.248,Wells Fargo Bank,pos
0.8126,0.0,0.682,0.318,Wells Fargo Bank,pos
0.6908,0.125,0.547,0.328,Wells Fargo Bank,pos
0.5859,0.0,0.556,0.444,Wells Fargo Bank,pos
-0.9633,0.588,0.305,0.107,Wells Fargo Bank,neg
0.7351,0.07,0.755,0.174,Wells Fargo Bank,pos
-0.5859,0.252,0.65,0.098,Wells Fargo Bank,neg
0.6124,0.103,0.667,0.231,Wells Fargo Bank,pos
0.7906,0.0,0.69,0.31,Wells Fargo Bank,pos
0.7579,0.0,0.514,0.486,Wells Fargo Bank,pos
-0.6597,0.46,0.297,0.243,Wells Fargo Bank,neg
-0.7845,0.535,0.465,0.0,Wells Fargo Bank,neg
0.9246,0.0,0.688,0.312,Wells Fargo Bank,pos
0.6808,0.0,0.699,0.301,Wells Fargo Bank,pos
0.7783,0.0,0.642,0.358,Wells Fargo Bank,pos
0.6808,0.0,0.728,0.272,Wells Fargo Bank,pos
0.802,0.0,0.631,0.369,Wells Fargo Bank,pos
0.7783,0.0,0.642,0.358,Wells Fargo Bank,pos
0.9274,0.0,0.455,0.545,Wells Fargo Bank,pos
0.802,0.0,0.573,0.427,Wells Fargo Bank,pos
0.802,0.0,0.594,0.406,Wells Fargo Bank,pos
-0.5574,0.244,0.618,0.138,Wells Fargo Bank,neg
-0.5859,0.182,0.755,0.063,Wells Fargo Bank,neg
0.802,0.0,0.613,0.387,Wells Fargo Bank,pos
0.8934,0.038,0.583,0.379,Wells Fargo Bank,pos
0.6808,0.0,0.699,0.301,Wells Fargo Bank,pos
0.802,0.0,0.594,0.406,Wells Fargo Bank,pos
0.802,0.0,0.594,0.406,Wells Fargo Bank,pos
0.802,0.0,0.613,0.387,Wells Fargo Bank,pos
0.6808,0.0,0.714,0.286,Wells Fargo Bank,pos
0.6808,0.0,0.682,0.318,Wells Fargo Bank,pos
0.6808,0.0,0.699,0.301,Wells Fargo Bank,pos
0.802,0.0,0.594,0.406,Wells Fargo Bank,pos
0.7783,0.0,0.658,0.342,Wells Fargo Bank,pos
0.7783,0.0,0.642,0.358,Wells Fargo Bank,pos
0.802,0.0,0.573,0.427,Wells Fargo Bank,pos
0.802,0.0,0.613,0.387,Wells Fargo Bank,pos
0.802,0.0,0.594,0.406,Wells Fargo Bank,pos
0.6808,0.0,0.714,0.286,Wells Fargo Bank,pos
0.7783,0.0,0.642,0.358,Wells Fargo Bank,pos
0.802,0.0,0.613,0.387,Wells Fargo Bank,pos
0.7783,0.0,0.625,0.375,Wells Fargo Bank,pos
0.802,0.0,0.613,0.387,Wells Fargo Bank,pos
0.5719,0.0,0.761,0.239,Wells Fargo Bank,pos
0.6908,0.176,0.495,0.329,Wells Fargo Bank,pos
0.5574,0.0,0.796,0.204,Wells Fargo Bank,pos
0.743,0.038,0.726,0.237,Wells Fargo Bank,pos
0.9349,0.0,0.54,0.46,Wells Fargo Bank,pos
-0.8591,0.57,0.279,0.151,Wells Fargo Bank,neg
0.802,0.0,0.613,0.387,Wells Fargo Bank,pos
-0.5859,0.167,0.776,0.057,Wells Fargo Bank,neg
-0.939,0.601,0.326,0.073,Wells Fargo Bank,neg
-0.5719,0.181,0.73,0.088,Wells Fargo Bank,neg
0.6486,0.0,0.675,0.325,Wells Fargo Bank,pos
0.9022,0.0,0.407,0.593,Wells Fargo Bank,pos
0.7269,0.0,0.785,0.215,Wells Fargo Bank,pos
-0.5267,0.206,0.722,0.072,Wells Fargo Bank,neg
0.5423,0.0,0.862,0.138,Wells Fargo Bank,pos
0.5423,0.061,0.778,0.161,Wells Fargo Bank,pos
0.7269,0.0,0.724,0.276,Wells Fargo Bank,pos
0.7096,0.0,0.42,0.58,Wells Fargo Bank,pos
-0.6705,0.239,0.648,0.113,Wells Fargo Bank,neg
0.802,0.0,0.549,0.451,Wells Fargo Bank,pos
0.5859,0.0,0.73,0.27,Wells Fargo Bank,pos
0.7003,0.142,0.586,0.273,Wells Fargo Bank,pos
0.5859,0.0,0.743,0.257,Wells Fargo Bank,pos
0.5267,0.191,0.478,0.331,Wells Fargo Bank,pos
0.8625,0.084,0.542,0.373,Wells Fargo Bank,pos
0.8176,0.0,0.767,0.233,Wells Fargo Bank,pos
0.5423,0.0,0.71,0.29,Wells Fargo Bank,pos
0.6808,0.0,0.847,0.153,Wells Fargo Bank,pos
0.8316,0.0,0.556,0.444,Wells Fargo Bank,pos
-0.5423,0.315,0.493,0.192,Wells Fargo Bank,neg
0.8271,0.212,0.338,0.449,Wells Fargo Bank,pos
0.9186,0.051,0.385,0.564,Wells Fargo Bank,pos
-0.7506,0.561,0.439,0.0,Wells Fargo Bank,neg
0.7506,0.0,0.693,0.307,Wells Fargo Bank,pos
0.7506,0.0,0.669,0.331,Wells Fargo Bank,pos
0.7506,0.0,0.714,0.286,Wells Fargo Bank,pos
0.7506,0.0,0.714,0.286,Wells Fargo Bank,pos
0.7506,0.0,0.656,0.344,Wells Fargo Bank,pos
0.7506,0.0,0.641,0.359,Wells Fargo Bank,pos
0.5994,0.0,0.38,0.62,Wells Fargo Bank,pos
-0.8834,0.339,0.601,0.06,Wells Fargo Bank,neg
0.8176,0.0,0.754,0.246,Wells Fargo Bank,pos
0.7906,0.038,0.735,0.227,Wells Fargo Bank,pos
0.5859,0.0,0.714,0.286,Wells Fargo Bank,pos
0.5859,0.0,0.73,0.27,Wells Fargo Bank,pos
0.5267,0.0,0.803,0.197,Wells Fargo Bank,pos
0.5423,0.0,0.816,0.184,Wells Fargo Bank,pos
0.8126,0.0,0.543,0.457,Wells Fargo Bank,pos
0.5859,0.0,0.854,0.146,Wells Fargo Bank,pos
0.5719,0.0,0.46,0.54,Wells Fargo Bank,pos
0.802,0.0,0.594,0.406,Wells Fargo Bank,pos
0.6369,0.0,0.366,0.634,Wells Fargo Bank,pos
0.802,0.0,0.594,0.406,Wells Fargo Bank,pos
0.802,0.0,0.594,0.406,Wells Fargo Bank,pos
-0.5719,0.649,0.351,0.0,Wells Fargo Bank,neg
-0.8591,0.463,0.537,0.0,Wells Fargo Bank,neg
0.7096,0.0,0.67,0.33,Wells Fargo Bank,pos
0.8126,0.0,0.607,0.393,Wells Fargo Bank,pos
0.7506,0.0,0.448,0.552,Wells Fargo Bank,pos
-0.5859,0.182,0.755,0.063,Wells Fargo Bank,neg
0.6808,0.0,0.699,0.301,Wells Fargo Bank,pos
0.6808,0.0,0.699,0.301,Wells Fargo Bank,pos
0.802,0.0,0.594,0.406,Wells Fargo Bank,pos
0.6808,0.0,0.699,0.301,Wells Fargo Bank,pos
0.6808,0.0,0.682,0.318,Wells Fargo Bank,pos
0.6808,0.0,0.699,0.301,Wells Fargo Bank,pos
0.7783,0.0,0.642,0.358,Wells Fargo Bank,pos
0.802,0.0,0.631,0.369,Wells Fargo Bank,pos
0.7506,0.0,0.823,0.177,Wells Fargo Bank,pos
0.6808,0.0,0.714,0.286,Wells Fargo Bank,pos
0.6808,0.0,0.714,0.286,Wells Fargo Bank,pos
0.6808,0.0,0.699,0.301,Wells Fargo Bank,pos
0.7783,0.0,0.585,0.415,Wells Fargo Bank,pos
0.802,0.0,0.613,0.387,Wells Fargo Bank,pos
0.7783,0.0,0.658,0.342,Wells Fargo Bank,pos
0.6808,0.0,0.682,0.318,Wells Fargo Bank,pos
0.6808,0.0,0.682,0.318,Wells Fargo Bank,pos
-0.6249,0.156,0.793,0.051,Wells Fargo Bank,neg
0.926,0.0,0.638,0.362,Wells Fargo Bank,pos
0.6808,0.0,0.682,0.318,Wells Fargo Bank,pos
0.7783,0.0,0.642,0.358,Wells Fargo Bank,pos
0.6808,0.0,0.714,0.286,Wells Fargo Bank,pos
0.6808,0.0,0.714,0.286,Wells Fargo Bank,pos
-0.5267,0.178,0.757,0.066,Wells Fargo Bank,neg
-0.5106,0.515,0.291,0.194,Wells Fargo Bank,neg
0.5859,0.0,0.696,0.304,Wells Fargo Bank,pos
0.6808,0.128,0.628,0.244,Wells Fargo Bank,pos
0.5994,0.0,0.588,0.412,Wells Fargo Bank,pos
-0.5423,0.314,0.579,0.107,Wells Fargo Bank,neg
0.802,0.0,0.705,0.295,Wells Fargo Bank,pos
0.8689,0.0,0.604,0.396,Wells Fargo Bank,pos
0.5423,0.048,0.785,0.167,Wells Fargo Bank,pos
0.5574,0.0,0.662,0.338,Wells Fargo Bank,pos
0.5423,0.134,0.51,0.357,Wells Fargo Bank,pos
-0.6808,0.336,0.575,0.088,Wells Fargo Bank,neg
0.5423,0.0,0.71,0.29,Wells Fargo Bank,pos
-0.743,0.31,0.69,0.0,Wells Fargo Bank,neg
-0.5859,0.182,0.755,0.063,Wells Fargo Bank,neg
-0.5859,0.182,0.755,0.063,Wells Fargo Bank,neg
0.5423,0.112,0.588,0.299,Wells Fargo Bank,pos
0.7269,0.135,0.519,0.346,Wells Fargo Bank,pos
-0.6249,0.804,0.196,0.0,Wells Fargo Bank,neg
-0.5994,0.231,0.633,0.136,Wells Fargo Bank,neg
0.6597,0.108,0.577,0.315,Wells Fargo Bank,pos
0.8402,0.0,0.385,0.615,Wells Fargo Bank,pos
0.6597,0.104,0.593,0.304,Wells Fargo Bank,pos
0.8481,0.116,0.464,0.421,Wells Fargo Bank,pos
-0.7783,0.438,0.449,0.112,Wells Fargo Bank,neg
-0.8402,0.55,0.35,0.1,Wells Fargo Bank,neg
-0.5574,0.419,0.581,0.0,Wells Fargo Bank,neg
-0.5859,0.182,0.755,0.063,Wells Fargo Bank,neg
-0.5423,0.368,0.632,0.0,Wells Fargo Bank,neg
0.6808,0.0,0.699,0.301,Wells Fargo Bank,pos
-0.6705,0.168,0.752,0.079,Wells Fargo Bank,neg
0.8481,0.0,0.62,0.38,Wells Fargo Bank,pos
0.7184,0.08,0.62,0.299,Wells Fargo Bank,pos
0.7096,0.0,0.459,0.541,Wells Fargo Bank,pos
0.7717,0.0,0.778,0.222,Wells Fargo Bank,pos
0.9545,0.039,0.47,0.492,Wells Fargo Bank,pos
0.8316,0.0,0.556,0.444,Wells Fargo Bank,pos
0.875,0.0,0.56,0.44,Wells Fargo Bank,pos
0.5046,0.114,0.592,0.294,Wells Fargo Bank,pos
-0.9719,0.719,0.281,0.0,Wells Fargo Bank,neg
0.6597,0.109,0.584,0.307,Wells Fargo Bank,pos
0.8807,0.0,0.577,0.423,Wells Fargo Bank,pos
0.875,0.0,0.56,0.44,Wells Fargo Bank,pos
0.7003,0.101,0.604,0.295,Wells Fargo Bank,pos
0.7506,0.0,0.748,0.252,Wells Fargo Bank,pos
-0.9538,0.504,0.444,0.052,Wells Fargo Bank,neg
-0.6597,0.688,0.312,0.0,Wells Fargo Bank,neg
0.836,0.0,0.623,0.377,Wells Fargo Bank,pos
0.875,0.0,0.56,0.44,Wells Fargo Bank,pos
-0.5657,0.243,0.579,0.178,Wells Fargo Bank,neg
0.5574,0.0,0.833,0.167,Wells Fargo Bank,pos
0.9545,0.039,0.47,0.492,Wells Fargo Bank,pos
0.7845,0.0,0.685,0.315,Wells Fargo Bank,pos
0.8885,0.065,0.571,0.364,Wells Fargo Bank,pos
-0.6369,0.321,0.455,0.224,Wells Fargo Bank,neg
0.8555,0.0,0.679,0.321,Wells Fargo Bank,pos
-0.8176,0.283,0.717,0.0,Wells Fargo Bank,neg
-0.5267,0.423,0.385,0.192,Wells Fargo Bank,neg
-0.6249,0.181,0.819,0.0,Wells Fargo Bank,neg
0.7717,0.0,0.707,0.293,Wells Fargo Bank,pos
0.802,0.0,0.594,0.406,Wells Fargo Bank,pos
0.5994,0.0,0.588,0.412,Wells Fargo Bank,pos
0.9246,0.0,0.639,0.361,Wells Fargo Bank,pos
0.6486,0.0,0.43,0.57,Wells Fargo Bank,pos
0.7783,0.0,0.642,0.358,Wells Fargo Bank,pos
0.8176,0.0,0.74,0.26,Wells Fargo Bank,pos
0.7783,0.0,0.642,0.358,Wells Fargo Bank,pos
0.7783,0.0,0.642,0.358,Wells Fargo Bank,pos
0.7783,0.0,0.642,0.358,Wells Fargo Bank,pos
0.7269,0.0,0.816,0.184,Wells Fargo Bank,pos
0.8316,0.0,0.747,0.253,Wells Fargo Bank,pos
0.6908,0.183,0.463,0.355,Wells Fargo Bank,pos
-0.7096,0.312,0.688,0.0,Wells Fargo Bank,neg
0.7351,0.0,0.745,0.255,Wells Fargo Bank,pos
-0.5859,0.188,0.747,0.065,Wells Fargo Bank,neg
-0.91,0.366,0.563,0.072,Wells Fargo Bank,neg
0.6705,0.0,0.667,0.333,Wells Fargo Bank,pos
0.6705,0.0,0.621,0.379,Wells Fargo Bank,pos
0.8519,0.0,0.691,0.309,Wells Fargo Bank,pos
0.6808,0.0,0.699,0.301,Wells Fargo Bank,pos
0.6808,0.0,0.682,0.318,Wells Fargo Bank,pos
0.7783,0.0,0.642,0.358,Wells Fargo Bank,pos
0.802,0.0,0.594,0.406,Wells Fargo Bank,pos
0.6808,0.0,0.699,0.301,Wells Fargo Bank,pos
0.5994,0.0,0.803,0.197,Wells Fargo Bank,pos
0.802,0.0,0.613,0.387,Wells Fargo Bank,pos
0.802,0.0,0.573,0.427,Wells Fargo Bank,pos
0.6808,0.0,0.714,0.286,Wells Fargo Bank,pos
0.6808,0.0,0.699,0.301,Wells Fargo Bank,pos
0.6808,0.0,0.699,0.301,Wells Fargo Bank,pos
0.6808,0.0,0.714,0.286,Wells Fargo Bank,pos
0.6808,0.0,0.714,0.286,Wells Fargo Bank,pos
0.6808,0.0,0.728,0.272,Wells Fargo Bank,pos
0.7783,0.0,0.642,0.358,Wells Fargo Bank,pos
0.6808,0.0,0.714,0.286,Wells Fargo Bank,pos
0.6808,0.0,0.699,0.301,Wells Fargo Bank,pos
0.6808,0.0,0.714,0.286,Wells Fargo Bank,pos
0.6808,0.0,0.714,0.286,Wells Fargo Bank,pos
0.6808,0.0,0.663,0.337,Wells Fargo Bank,pos
0.802,0.0,0.573,0.427,Wells Fargo Bank,pos
0.6808,0.0,0.714,0.286,Wells Fargo Bank,pos
0.6808,0.0,0.699,0.301,Wells Fargo Bank,pos
0.802,0.0,0.613,0.387,Wells Fargo Bank,pos
0.7783,0.0,0.672,0.328,Wells Fargo Bank,pos
0.743,0.0,0.774,0.226,Wells Fargo Bank,pos
0.5859,0.122,0.64,0.238,Wells Fargo Bank,pos
0.7783,0.044,0.711,0.245,Wells Fargo Bank,pos
0.9559,0.056,0.541,0.403,Wells Fargo Bank,pos
-0.8979,0.378,0.508,0.114,Wells Fargo Bank,neg
0.5574,0.0,0.796,0.204,Wells Fargo Bank,pos
0.7506,0.0,0.67,0.33,Wells Fargo Bank,pos
-0.6369,0.312,0.471,0.218,Wells Fargo Bank,neg
0.7096,0.0,0.831,0.169,Wells Fargo Bank,pos
-0.9001,0.402,0.392,0.206,Wells Fargo Bank,neg
-0.8271,0.461,0.539,0.0,Wells Fargo Bank,neg
0.6808,0.0,0.714,0.286,Wells Fargo Bank,pos
-0.8885,0.375,0.528,0.097,Wells Fargo Bank,neg
0.8625,0.055,0.455,0.491,Wells Fargo Bank,pos
0.6808,0.0,0.752,0.248,Wells Fargo Bank,pos
-0.5423,0.259,0.741,0.0,Wells Fargo Bank,neg
-0.6369,0.294,0.5,0.206,Wells Fargo Bank,neg
-0.6597,0.299,0.607,0.093,Wells Fargo Bank,neg
-0.6808,0.384,0.616,0.0,Wells Fargo Bank,neg
0.6705,0.108,0.538,0.354,Wells Fargo Bank,pos
0.7764,0.144,0.4,0.455,Wells Fargo Bank,pos
-0.7184,0.375,0.625,0.0,Wells Fargo Bank,neg
0.5106,0.0,0.699,0.301,Wells Fargo Bank,pos
-0.7906,0.7,0.3,0.0,Wells Fargo Bank,neg
0.7717,0.0,0.7,0.3,Wells Fargo Bank,pos
0.7269,0.0,0.809,0.191,Wells Fargo Bank,pos
0.872,0.092,0.571,0.337,Wells Fargo Bank,pos
0.5994,0.0,0.588,0.412,Wells Fargo Bank,pos
-0.9136,0.448,0.439,0.113,Wells Fargo Bank,neg
-0.6249,0.577,0.423,0.0,Wells Fargo Bank,neg
0.6808,0.0,0.78,0.22,Wells Fargo Bank,pos
0.802,0.0,0.631,0.369,Wells Fargo Bank,pos
0.6705,0.0,0.787,0.213,Wells Fargo Bank,pos
-0.8519,0.277,0.612,0.111,Wells Fargo Bank,neg
0.6369,0.0,0.743,0.257,Wells Fargo Bank,pos
0.5859,0.076,0.761,0.163,Wells Fargo Bank,pos
0.8316,0.0,0.546,0.454,Wells Fargo Bank,pos
-0.6369,0.303,0.486,0.211,Wells Fargo Bank,neg
0.743,0.069,0.656,0.274,Wells Fargo Bank,pos
-0.6369,0.238,0.695,0.066,Wells Fargo Bank,neg
-0.6369,0.255,0.674,0.071,Wells Fargo Bank,neg
0.6808,0.0,0.714,0.286,Wells Fargo Bank,pos
0.8689,0.0,0.526,0.474,Wells Fargo Bank,pos
0.802,0.0,0.594,0.406,Wells Fargo Bank,pos
0.802,0.0,0.573,0.427,Wells Fargo Bank,pos
0.6808,0.0,0.699,0.301,Wells Fargo Bank,pos
0.802,0.0,0.594,0.406,Wells Fargo Bank,pos
0.5719,0.086,0.688,0.226,Wells Fargo Bank,pos
0.7351,0.0,0.78,0.22,Wells Fargo Bank,pos
0.7096,0.076,0.694,0.23,Wells Fargo Bank,pos
0.8555,0.0,0.591,0.409,Wells Fargo Bank,pos
0.875,0.0,0.522,0.478,Wells Fargo Bank,pos
0.6808,0.0,0.699,0.301,Wells Fargo Bank,pos
0.6808,0.0,0.699,0.301,Wells Fargo Bank,pos
0.6808,0.0,0.682,0.318,Wells Fargo Bank,pos
0.6808,0.0,0.682,0.318,Wells Fargo Bank,pos
0.7783,0.0,0.606,0.394,Wells Fargo Bank,pos
-0.8176,0.383,0.505,0.112,Wells Fargo Bank,neg
-0.7184,0.318,0.591,0.091,Wells Fargo Bank,neg
0.6808,0.0,0.682,0.318,Wells Fargo Bank,pos
-0.5719,0.34,0.457,0.203,Wells Fargo Bank,neg
0.6808,0.0,0.699,0.301,Wells Fargo Bank,pos
0.6808,0.0,0.699,0.301,Wells Fargo Bank,pos
0.6808,0.0,0.699,0.301,Wells Fargo Bank,pos
0.6808,0.0,0.714,0.286,Wells Fargo Bank,pos
0.7783,0.0,0.625,0.375,Wells Fargo Bank,pos
0.7783,0.0,0.658,0.342,Wells Fargo Bank,pos
0.6808,0.0,0.699,0.301,Wells Fargo Bank,pos
0.7783,0.0,0.642,0.358,Wells Fargo Bank,pos
0.6808,0.0,0.699,0.301,Wells Fargo Bank,pos
0.7783,0.0,0.642,0.358,Wells Fargo Bank,pos
0.802,0.0,0.594,0.406,Wells Fargo Bank,pos
0.6808,0.0,0.699,0.301,Wells Fargo Bank,pos
0.6808,0.0,0.699,0.301,Wells Fargo Bank,pos
0.9153,0.07,0.562,0.367,Wells Fargo Bank,pos
0.6808,0.0,0.682,0.318,Wells Fargo Bank,pos
0.802,0.0,0.594,0.406,Wells Fargo Bank,pos
0.7783,0.0,0.658,0.342,Wells Fargo Bank,pos
0.802,0.0,0.594,0.406,Wells Fargo Bank,pos
0.6808,0.0,0.663,0.337,Wells Fargo Bank,pos
-0.5106,0.218,0.7,0.082,Wells Fargo Bank,neg
0.6124,0.0,0.5,0.5,Wells Fargo Bank,pos
-0.7096,0.535,0.465,0.0,Wells Fargo Bank,neg
-0.9761,0.514,0.445,0.04,Wells Fargo Bank,neg
0.5574,0.0,0.795,0.205,Wells Fargo Bank,pos
0.5859,0.0,0.455,0.545,Wells Fargo Bank,pos
0.6908,0.0,0.782,0.218,Wells Fargo Bank,pos
0.6908,0.0,0.749,0.251,Wells Fargo Bank,pos
-0.5423,0.189,0.811,0.0,Wells Fargo Bank,neg
0.802,0.0,0.635,0.365,Wells Fargo Bank,pos
0.5423,0.0,0.847,0.153,Wells Fargo Bank,pos
0.5574,0.0,0.805,0.195,Wells Fargo Bank,pos
-0.7845,0.319,0.609,0.072,Wells Fargo Bank,neg
0.5574,0.0,0.805,0.195,Wells Fargo Bank,pos
-0.7003,0.405,0.476,0.119,Wells Fargo Bank,neg
0.8481,0.081,0.614,0.305,Wells Fargo Bank,pos
-0.7783,0.381,0.538,0.081,Wells Fargo Bank,neg
-0.7964,0.392,0.608,0.0,Wells Fargo Bank,neg
0.5994,0.0,0.588,0.412,Wells Fargo Bank,pos
-0.743,0.422,0.462,0.116,Wells Fargo Bank,neg
0.6369,0.0,0.772,0.228,Wells Fargo Bank,pos
0.802,0.0,0.647,0.353,Wells Fargo Bank,pos
0.5423,0.152,0.557,0.291,Wells Fargo Bank,pos
-0.6486,0.558,0.265,0.177,Wells Fargo Bank,neg
0.6597,0.0,0.856,0.144,Wells Fargo Bank,pos
0.5574,0.038,0.797,0.165,Wells Fargo Bank,pos
0.5267,0.0,0.748,0.252,Wells Fargo Bank,pos
0.836,0.0,0.752,0.248,Wells Fargo Bank,pos
-0.7645,0.487,0.385,0.128,Wells Fargo Bank,neg
0.501,0.073,0.748,0.179,Wells Fargo Bank,pos
-0.8979,0.375,0.585,0.04,Wells Fargo Bank,neg
0.8779,0.078,0.522,0.4,Wells Fargo Bank,pos
0.5574,0.0,0.783,0.217,Wells Fargo Bank,pos
-0.802,0.282,0.647,0.071,Wells Fargo Bank,neg
0.8519,0.0,0.558,0.442,Wells Fargo Bank,pos
-0.6124,0.462,0.385,0.154,Wells Fargo Bank,neg
-0.802,0.282,0.647,0.071,Wells Fargo Bank,neg
0.8519,0.0,0.492,0.508,Wells Fargo Bank,pos
0.5994,0.0,0.55,0.45,Wells Fargo Bank,pos
0.7351,0.0,0.556,0.444,Wells Fargo Bank,pos
0.6249,0.095,0.596,0.309,Wells Fargo Bank,pos
0.5994,0.0,0.795,0.205,Wells Fargo Bank,pos
0.5994,0.0,0.449,0.551,Wells Fargo Bank,pos
0.5574,0.0,0.878,0.122,Wells Fargo Bank,pos
0.9186,0.0,0.727,0.273,Wells Fargo Bank,pos
0.802,0.0,0.523,0.477,Wells Fargo Bank,pos
0.5574,0.0,0.847,0.153,Wells Fargo Bank,pos
0.6808,0.0,0.752,0.248,Wells Fargo Bank,pos
-0.7351,0.409,0.481,0.111,Chase Bank,neg
0.8591,0.0,0.667,0.333,Chase Bank,pos
0.8591,0.0,0.667,0.333,Chase Bank,pos
0.7506,0.0,0.637,0.363,Chase Bank,pos
0.743,0.0,0.76,0.24,Chase Bank,pos
-0.8807,0.328,0.672,0.0,Chase Bank,neg
-0.8591,0.514,0.486,0.0,Chase Bank,neg
-0.9114,0.591,0.409,0.0,Chase Bank,neg
0.8555,0.0,0.676,0.324,Chase Bank,pos
0.5106,0.0,0.708,0.292,Chase Bank,pos
0.5994,0.0,0.813,0.187,Chase Bank,pos
-0.5719,0.649,0.351,0.0,Chase Bank,neg
-0.5423,0.636,0.364,0.0,Chase Bank,neg
-0.6908,0.624,0.183,0.193,Chase Bank,neg
-0.7506,0.444,0.556,0.0,Chase Bank,neg
0.8807,0.108,0.553,0.339,Chase Bank,pos
0.8591,0.0,0.712,0.288,Chase Bank,pos
0.5106,0.221,0.265,0.513,Chase Bank,pos
-0.8126,0.309,0.691,0.0,Chase Bank,neg
0.926,0.0,0.554,0.446,Chase Bank,pos
-0.8126,0.343,0.657,0.0,Chase Bank,neg
0.6597,0.085,0.692,0.223,Chase Bank,pos
0.765,0.0,0.769,0.231,Chase Bank,pos
-0.5267,0.195,0.805,0.0,Chase Bank,neg
-0.5574,0.204,0.796,0.0,Chase Bank,neg
-0.6705,0.193,0.807,0.0,Chase Bank,neg
-0.7579,0.367,0.531,0.102,Chase Bank,neg
-0.5595,0.153,0.78,0.068,Chase Bank,neg
-0.8126,0.627,0.373,0.0,Chase Bank,neg
-0.5994,0.329,0.549,0.122,Chase Bank,neg
0.5574,0.0,0.833,0.167,Chase Bank,pos
0.5423,0.152,0.619,0.229,Chase Bank,pos
0.5106,0.0,0.708,0.292,Chase Bank,pos
-0.5574,0.194,0.806,0.0,Chase Bank,neg
-0.9062,0.304,0.65,0.046,Chase Bank,neg
-0.6124,0.227,0.773,0.0,Chase Bank,neg
0.6369,0.0,0.588,0.412,Chase Bank,pos
-0.9062,0.304,0.65,0.046,Chase Bank,neg
-0.7717,0.242,0.758,0.0,Chase Bank,neg
-0.6705,0.282,0.718,0.0,Chase Bank,neg
-0.8807,0.317,0.611,0.072,Chase Bank,neg
-0.8779,0.558,0.442,0.0,Chase Bank,neg
-0.6249,0.577,0.423,0.0,Chase Bank,neg
-0.743,0.169,0.831,0.0,Chase Bank,neg
0.6369,0.0,0.488,0.512,Chase Bank,pos
0.5719,0.0,0.875,0.125,Chase Bank,pos
0.9201,0.0,0.534,0.466,Chase Bank,pos
0.8176,0.0,0.638,0.362,Chase Bank,pos
-0.5574,0.394,0.433,0.173,Chase Bank,neg
0.6597,0.0,0.69,0.31,Chase Bank,pos
-0.802,0.313,0.687,0.0,Chase Bank,neg
-0.5719,0.649,0.351,0.0,Chase Bank,neg
-0.802,0.301,0.699,0.0,Chase Bank,neg
0.923,0.0,0.423,0.577,Chase Bank,pos
-0.5267,0.268,0.61,0.122,Chase Bank,neg
0.6486,0.069,0.716,0.215,Chase Bank,pos
0.6808,0.0,0.791,0.209,Chase Bank,pos
-0.5423,0.308,0.543,0.149,Chase Bank,neg
0.5423,0.0,0.837,0.163,Chase Bank,pos
-0.8126,0.451,0.549,0.0,Chase Bank,neg
0.6249,0.0,0.797,0.203,Chase Bank,pos
0.743,0.0,0.751,0.249,Chase Bank,pos
0.5106,0.0,0.645,0.355,Chase Bank,pos
-0.5423,0.636,0.364,0.0,Chase Bank,neg
0.6705,0.0,0.634,0.366,Chase Bank,pos
0.6486,0.069,0.716,0.215,Chase Bank,pos
0.5994,0.141,0.515,0.344,Chase Bank,pos
-0.7351,0.608,0.392,0.0,Chase Bank,neg
0.872,0.065,0.456,0.479,Chase Bank,pos
-0.5574,0.545,0.455,0.0,Chase Bank,neg
0.8074,0.0,0.7,0.3,Chase Bank,pos
0.5994,0.0,0.435,0.565,Chase Bank,pos
-0.5267,0.268,0.732,0.0,Chase Bank,neg
0.743,0.0,0.76,0.24,Chase Bank,pos
0.8402,0.0,0.444,0.556,Chase Bank,pos
0.5106,0.102,0.671,0.227,Chase Bank,pos
0.743,0.0,0.76,0.24,Chase Bank,pos
0.6597,0.0,0.625,0.375,Chase Bank,pos
-0.5423,0.28,0.72,0.0,Chase Bank,neg
0.5994,0.0,0.846,0.154,Chase Bank,pos
0.7351,0.0,0.772,0.228,Chase Bank,pos
0.5574,0.0,0.816,0.184,Chase Bank,pos
0.8225,0.0,0.547,0.453,Chase Bank,pos
0.743,0.0,0.76,0.24,Chase Bank,pos
0.6369,0.184,0.438,0.378,Chase Bank,pos
0.7269,0.0,0.836,0.164,Chase Bank,pos
-0.5719,0.291,0.709,0.0,Chase Bank,neg
0.5719,0.0,0.719,0.281,Chase Bank,pos
-0.6486,0.371,0.629,0.0,Chase Bank,neg
0.743,0.0,0.76,0.24,Chase Bank,pos
-0.6369,0.292,0.708,0.0,Chase Bank,neg
0.5423,0.0,0.821,0.179,Chase Bank,pos
0.7184,0.0,0.611,0.389,Chase Bank,pos
0.743,0.0,0.76,0.24,Chase Bank,pos
-0.5267,0.386,0.614,0.0,Chase Bank,neg
0.5267,0.0,0.638,0.362,Chase Bank,pos
0.6486,0.067,0.724,0.209,Chase Bank,pos
0.765,0.0,0.577,0.423,Chase Bank,pos
-0.7717,0.271,0.729,0.0,Chase Bank,neg
0.6705,0.13,0.542,0.329,Chase Bank,pos
0.8176,0.063,0.493,0.444,Chase Bank,pos
0.5423,0.066,0.704,0.23,Chase Bank,pos
0.6369,0.0,0.776,0.224,Chase Bank,pos
0.8434,0.0,0.498,0.502,Chase Bank,pos
-0.5106,0.24,0.592,0.168,Chase Bank,neg
0.6597,0.0,0.649,0.351,Chase Bank,pos
-0.5423,0.259,0.741,0.0,Chase Bank,neg
0.5574,0.0,0.886,0.114,Chase Bank,pos
0.5574,0.0,0.886,0.114,Chase Bank,pos
-0.5859,0.231,0.769,0.0,Chase Bank,neg
0.6597,0.0,0.69,0.31,Chase Bank,pos
-0.5256,0.298,0.702,0.0,Chase Bank,neg
-0.5719,0.255,0.637,0.108,Chase Bank,neg
0.7506,0.0,0.619,0.381,Chase Bank,pos
0.8074,0.0,0.751,0.249,Chase Bank,pos
0.8442,0.103,0.499,0.399,Chase Bank,pos
-0.5859,0.231,0.769,0.0,Chase Bank,neg
-0.7003,0.221,0.779,0.0,Chase Bank,neg
0.5859,0.0,0.87,0.13,Chase Bank,pos
-0.802,0.419,0.581,0.0,Chase Bank,neg
-0.5574,0.187,0.813,0.0,Chase Bank,neg
0.6597,0.0,0.856,0.144,Chase Bank,pos
0.5106,0.261,0.327,0.412,Chase Bank,pos
0.8979,0.0,0.541,0.459,Chase Bank,pos
0.5574,0.0,0.859,0.141,Chase Bank,pos
0.5859,0.0,0.789,0.211,Chase Bank,pos
-0.6705,0.297,0.703,0.0,Chase Bank,neg
0.6249,0.196,0.453,0.35,Chase Bank,pos
0.6369,0.148,0.591,0.261,Chase Bank,pos
0.5574,0.0,0.805,0.195,Chase Bank,pos
0.8591,0.0,0.4,0.6,Chase Bank,pos
0.8225,0.0,0.783,0.217,Chase Bank,pos
0.5719,0.0,0.887,0.113,Chase Bank,pos
-0.7717,0.489,0.511,0.0,Chase Bank,neg
-0.5859,0.432,0.568,0.0,Chase Bank,neg
-0.8481,0.571,0.223,0.205,Chase Bank,neg
-0.7096,0.269,0.731,0.0,Chase Bank,neg
0.875,0.0,0.711,0.289,Chase Bank,pos
-0.8591,0.292,0.708,0.0,Chase Bank,neg
-0.8591,0.292,0.708,0.0,Chase Bank,neg
-0.8591,0.284,0.716,0.0,Chase Bank,neg
-0.8591,0.284,0.716,0.0,Chase Bank,neg
0.8591,0.0,0.618,0.382,Chase Bank,pos
-0.8591,0.292,0.708,0.0,Chase Bank,neg
-0.8591,0.284,0.716,0.0,Chase Bank,neg
-0.8591,0.275,0.725,0.0,Chase Bank,neg
-0.8591,0.292,0.708,0.0,Chase Bank,neg
-0.8591,0.284,0.716,0.0,Chase Bank,neg
-0.8591,0.275,0.725,0.0,Chase Bank,neg
0.743,0.0,0.751,0.249,Chase Bank,pos
-0.5574,0.375,0.625,0.0,Chase Bank,neg
0.8442,0.0,0.598,0.402,Chase Bank,pos
0.743,0.0,0.741,0.259,Chase Bank,pos
0.5574,0.0,0.854,0.146,Chase Bank,pos
-0.5859,0.241,0.759,0.0,Chase Bank,neg
0.743,0.0,0.76,0.24,Chase Bank,pos
0.9231,0.0,0.588,0.412,Chase Bank,pos
0.6705,0.0,0.634,0.366,Chase Bank,pos
0.886,0.0,0.62,0.38,Chase Bank,pos
0.5849,0.102,0.591,0.306,Chase Bank,pos
0.8591,0.0,0.667,0.333,Chase Bank,pos
-0.8555,0.368,0.547,0.085,Chase Bank,neg
-0.6249,0.285,0.557,0.158,Chase Bank,neg
-0.802,0.301,0.699,0.0,Chase Bank,neg
-0.6908,0.284,0.634,0.082,Chase Bank,neg
-0.6124,0.364,0.636,0.0,Chase Bank,neg
0.7184,0.0,0.806,0.194,Chase Bank,pos
0.6124,0.069,0.69,0.241,Chase Bank,pos
0.7351,0.0,0.813,0.187,Chase Bank,pos
0.7717,0.0,0.729,0.271,Chase Bank,pos
-0.5106,0.323,0.677,0.0,Chase Bank,neg
0.875,0.0,0.5,0.5,Chase Bank,pos
0.7269,0.0,0.496,0.504,Chase Bank,pos
0.6705,0.0,0.634,0.366,Chase Bank,pos
-0.6115,0.5,0.5,0.0,Chase Bank,neg
-0.5719,0.381,0.619,0.0,Chase Bank,neg
0.7096,0.0,0.615,0.385,Chase Bank,pos
0.9001,0.0,0.694,0.306,Chase Bank,pos
-0.5859,0.079,0.921,0.0,Chase Bank,neg
-0.5423,0.538,0.462,0.0,Chase Bank,neg
0.7579,0.0,0.483,0.517,Chase Bank,pos
-0.6908,0.528,0.472,0.0,Chase Bank,neg
0.836,0.0,0.44,0.56,Chase Bank,pos
-0.7506,0.218,0.782,0.0,Chase Bank,neg
-0.7506,0.242,0.758,0.0,Chase Bank,neg
-0.7351,0.212,0.788,0.0,Chase Bank,neg
0.5574,0.0,0.859,0.141,Chase Bank,pos
-0.5574,0.343,0.523,0.134,Chase Bank,neg
-0.5719,0.156,0.844,0.0,Chase Bank,neg
-0.6705,0.341,0.537,0.122,Chase Bank,neg
0.6249,0.0,0.611,0.389,Chase Bank,pos
-0.5859,0.257,0.743,0.0,Chase Bank,neg
-0.5859,0.322,0.678,0.0,Chase Bank,neg
-0.5859,0.297,0.703,0.0,Chase Bank,neg
-0.6808,0.277,0.723,0.0,Chase Bank,neg
0.836,0.0,0.628,0.372,Chase Bank,pos
-0.7351,0.237,0.763,0.0,Chase Bank,neg
-0.5994,0.178,0.822,0.0,Chase Bank,neg
0.5994,0.044,0.776,0.18,Chase Bank,pos
0.5106,0.182,0.541,0.276,Chase Bank,pos
0.9349,0.0,0.54,0.46,Chase Bank,pos
0.8481,0.0,0.465,0.535,Chase Bank,pos
-0.5267,0.167,0.833,0.0,Chase Bank,neg
-0.7351,0.246,0.754,0.0,Chase Bank,neg
0.6908,0.0,0.467,0.533,Chase Bank,pos
0.8689,0.0,0.581,0.419,Chase Bank,pos
0.9081,0.0,0.47,0.53,Chase Bank,pos
0.6908,0.039,0.74,0.222,Chase Bank,pos
-0.6808,0.272,0.728,0.0,Chase Bank,neg
0.946,0.0,0.56,0.44,Chase Bank,pos
0.7964,0.0,0.792,0.208,Chase Bank,pos
-0.5267,0.167,0.833,0.0,Chase Bank,neg
-0.8834,0.339,0.601,0.06,Chase Bank,neg
-0.6705,0.213,0.721,0.066,Chase Bank,neg
-0.5574,0.211,0.704,0.085,Chase Bank,neg
-0.5719,0.291,0.709,0.0,Chase Bank,neg
-0.7096,0.855,0.145,0.0,Chase Bank,neg
0.875,0.0,0.676,0.324,Chase Bank,pos
-0.5423,0.636,0.364,0.0,Chase Bank,neg
-0.5256,0.531,0.469,0.0,Chase Bank,neg
0.5106,0.0,0.602,0.398,Chase Bank,pos
-0.5859,0.188,0.812,0.0,Chase Bank,neg
0.6249,0.0,0.661,0.339,Chase Bank,pos
-0.5719,0.649,0.351,0.0,Chase Bank,neg
0.7351,0.0,0.563,0.437,Chase Bank,pos
0.7672,0.0,0.724,0.276,Chase Bank,pos
-0.802,0.376,0.478,0.146,Chase Bank,neg
-0.8807,0.346,0.654,0.0,Chase Bank,neg
0.7906,0.0,0.652,0.348,Chase Bank,pos
0.7003,0.0,0.463,0.537,Chase Bank,pos
-0.802,0.376,0.478,0.146,Chase Bank,neg
0.5267,0.0,0.804,0.196,Chase Bank,pos
-0.9337,0.638,0.362,0.0,Chase Bank,neg
0.6369,0.0,0.417,0.583,Chase Bank,pos
-0.8176,0.263,0.665,0.072,Chase Bank,neg
0.8481,0.0,0.613,0.387,Chase Bank,pos
0.5994,0.043,0.782,0.175,Chase Bank,pos
0.5994,0.042,0.787,0.171,Chase Bank,pos
0.5994,0.042,0.787,0.171,Chase Bank,pos
-0.6486,0.227,0.773,0.0,Chase Bank,neg
-0.7096,0.539,0.348,0.113,Chase Bank,neg
-0.5574,0.415,0.423,0.162,Chase Bank,neg
0.6808,0.135,0.604,0.261,Chase Bank,pos
0.7717,0.0,0.778,0.222,Chase Bank,pos
-0.6369,0.722,0.278,0.0,Chase Bank,neg
0.7096,0.0,0.704,0.296,Chase Bank,pos
0.6369,0.0,0.488,0.512,Chase Bank,pos
0.6705,0.0,0.703,0.297,Chase Bank,pos
0.6369,0.0,0.682,0.318,Chase Bank,pos
0.5574,0.0,0.859,0.141,Chase Bank,pos
-0.802,0.465,0.354,0.181,Chase Bank,neg
0.6486,0.067,0.724,0.209,Chase Bank,pos
0.6705,0.0,0.634,0.366,Chase Bank,pos
-0.7506,0.33,0.67,0.0,Chase Bank,neg
0.7506,0.0,0.709,0.291,Chase Bank,pos
-0.7906,0.225,0.723,0.052,Chase Bank,neg
-0.9231,0.425,0.472,0.103,Chase Bank,neg
-0.802,0.431,0.401,0.168,Chase Bank,neg
-0.802,0.376,0.478,0.146,Chase Bank,neg
-0.5574,0.307,0.573,0.12,Chase Bank,neg
-0.802,0.376,0.478,0.146,Chase Bank,neg
-0.8779,0.28,0.72,0.0,Chase Bank,neg
0.5994,0.0,0.642,0.358,Chase Bank,pos
0.765,0.0,0.377,0.623,Chase Bank,pos
-0.5574,0.204,0.796,0.0,Chase Bank,neg
-0.7783,0.531,0.469,0.0,Chase Bank,neg
0.5106,0.133,0.602,0.265,Chase Bank,pos
-0.6369,0.215,0.785,0.0,Chase Bank,neg
-0.802,0.336,0.537,0.128,Chase Bank,neg
-0.6705,0.407,0.593,0.0,Chase Bank,neg
-0.5106,0.167,0.747,0.085,Chase Bank,neg
0.8519,0.0,0.429,0.571,Chase Bank,pos
-0.9022,0.346,0.62,0.034,Chase Bank,neg
-0.796,0.303,0.627,0.069,Chase Bank,neg
0.7906,0.0,0.5,0.5,Chase Bank,pos
0.8225,0.087,0.569,0.344,Chase Bank,pos
-0.6249,0.255,0.745,0.0,Chase Bank,neg
0.6369,0.0,0.741,0.259,Chase Bank,pos
0.6705,0.0,0.645,0.355,Chase Bank,pos
0.802,0.0,0.767,0.233,Chase Bank,pos
0.6124,0.194,0.468,0.338,Chase Bank,pos
-0.7351,0.237,0.763,0.0,Chase Bank,neg
0.5563,0.0,0.796,0.204,Chase Bank,pos
0.7579,0.151,0.475,0.374,Chase Bank,pos
0.7506,0.0,0.637,0.363,Chase Bank,pos
-0.5267,0.15,0.85,0.0,Chase Bank,neg
0.7184,0.0,0.632,0.368,Chase Bank,pos
0.8658,0.0,0.682,0.318,Chase Bank,pos
-0.6808,0.292,0.708,0.0,Chase Bank,neg
0.5984,0.0,0.727,0.273,Chase Bank,pos
0.6124,0.136,0.485,0.379,Chase Bank,pos
0.8402,0.0,0.2,0.8,Chase Bank,pos
0.946,0.0,0.525,0.475,Chase Bank,pos
-0.8481,0.315,0.685,0.0,Chase Bank,neg
0.7501,0.0,0.439,0.561,Chase Bank,pos
-0.5994,0.206,0.794,0.0,Chase Bank,neg
0.6369,0.0,0.656,0.344,Chase Bank,pos
-0.8225,0.589,0.411,0.0,Chase Bank,neg
-0.5994,0.71,0.29,0.0,Chase Bank,neg
0.6249,0.0,0.814,0.186,Chase Bank,pos
-0.6908,0.305,0.695,0.0,Chase Bank,neg
-0.6808,0.248,0.752,0.0,Chase Bank,neg
0.6124,0.123,0.602,0.274,Chase Bank,pos
0.6908,0.146,0.61,0.244,Chase Bank,pos
-0.6808,0.268,0.732,0.0,Chase Bank,neg
-0.6808,0.268,0.732,0.0,Chase Bank,neg
-0.5423,0.778,0.222,0.0,Chase Bank,neg
-0.5106,0.524,0.476,0.0,Chase Bank,neg
0.6486,0.069,0.716,0.215,Chase Bank,pos
-0.6808,0.248,0.752,0.0,Chase Bank,neg
-0.5267,0.124,0.876,0.0,Chase Bank,neg
0.5859,0.0,0.51,0.49,Chase Bank,pos
-0.8934,0.422,0.578,0.0,Chase Bank,neg
0.743,0.0,0.741,0.259,Chase Bank,pos
0.743,0.0,0.76,0.24,Chase Bank,pos
0.5719,0.0,0.575,0.425,Chase Bank,pos
0.5994,0.0,0.505,0.495,Chase Bank,pos
-0.8122,0.281,0.719,0.0,Chase Bank,neg
-0.8402,0.3,0.7,0.0,Chase Bank,neg
-0.8176,0.298,0.627,0.076,Chase Bank,neg
0.891,0.0,0.508,0.492,Chase Bank,pos
-0.8402,0.391,0.609,0.0,Chase Bank,neg
0.9274,0.0,0.354,0.646,Chase Bank,pos
0.6486,0.069,0.716,0.215,Chase Bank,pos
-0.5423,0.636,0.364,0.0,Chase Bank,neg
0.5994,0.113,0.522,0.365,Chase Bank,pos
-0.8658,0.276,0.724,0.0,Chase Bank,neg
0.8885,0.053,0.63,0.317,Chase Bank,pos
-0.6597,0.212,0.707,0.08,Chase Bank,neg
0.5574,0.0,0.825,0.175,Chase Bank,pos
-0.7506,0.227,0.773,0.0,Chase Bank,neg
-0.8625,0.318,0.682,0.0,Chase Bank,neg
-0.6808,0.337,0.663,0.0,Chase Bank,neg
-0.7964,0.262,0.688,0.05,Chase Bank,neg
0.765,0.0,0.759,0.241,Chase Bank,pos
0.9274,0.0,0.546,0.454,Chase Bank,pos
-0.7964,0.288,0.712,0.0,Chase Bank,neg
-0.7964,0.288,0.712,0.0,Chase Bank,neg
-0.6808,0.292,0.708,0.0,Chase Bank,neg
-0.6808,0.292,0.708,0.0,Chase Bank,neg
-0.8625,0.303,0.697,0.0,Chase Bank,neg
-0.6808,0.248,0.752,0.0,Chase Bank,neg
-0.8481,0.347,0.653,0.0,Chase Bank,neg
-0.8481,0.347,0.653,0.0,Chase Bank,neg
-0.6808,0.28,0.72,0.0,Chase Bank,neg
-0.8934,0.37,0.63,0.0,Chase Bank,neg
-0.8225,0.444,0.556,0.0,Chase Bank,neg
-0.6808,0.268,0.732,0.0,Chase Bank,neg
-0.6808,0.306,0.694,0.0,Chase Bank,neg
-0.6808,0.258,0.742,0.0,Chase Bank,neg
-0.6808,0.268,0.732,0.0,Chase Bank,neg
0.765,0.0,0.777,0.223,Chase Bank,pos
0.8481,0.0,0.71,0.29,Chase Bank,pos
-0.5994,0.234,0.766,0.0,Chase Bank,neg
0.8074,0.0,0.751,0.249,Chase Bank,pos
0.7264,0.0,0.621,0.379,Chase Bank,pos
-0.5859,0.297,0.703,0.0,Chase Bank,neg
-0.5859,0.275,0.725,0.0,Chase Bank,neg
-0.765,0.276,0.54,0.184,Chase Bank,neg
-0.8885,0.291,0.558,0.151,Chase Bank,neg
-0.7351,0.411,0.444,0.144,Chase Bank,neg
0.6369,0.0,0.606,0.394,Chase Bank,pos
-0.6527,0.383,0.451,0.166,Chase Bank,neg
0.9201,0.0,0.574,0.426,Chase Bank,pos
0.5859,0.0,0.568,0.432,Chase Bank,pos
-0.5719,0.649,0.351,0.0,Chase Bank,neg
-0.8176,0.288,0.712,0.0,Chase Bank,neg
-0.5574,0.374,0.374,0.252,Chase Bank,neg
-0.9776,0.585,0.415,0.0,Chase Bank,neg
-0.7845,0.697,0.303,0.0,Chase Bank,neg
0.5719,0.0,0.773,0.227,Chase Bank,pos
-0.5719,0.481,0.519,0.0,Chase Bank,neg
0.7506,0.0,0.72,0.28,Chase Bank,pos
0.5994,0.0,0.55,0.45,Chase Bank,pos
0.7269,0.0,0.608,0.392,Chase Bank,pos
0.743,0.0,0.636,0.364,Chase Bank,pos
0.8885,0.127,0.327,0.545,Chase Bank,pos
0.8658,0.0,0.673,0.327,Chase Bank,pos
-0.7579,0.52,0.48,0.0,Chase Bank,neg
-0.8074,0.378,0.622,0.0,Chase Bank,neg
0.7845,0.105,0.46,0.435,Chase Bank,pos
-0.8442,0.245,0.755,0.0,Chase Bank,neg
0.7506,0.13,0.507,0.362,Chase Bank,pos
0.6369,0.0,0.435,0.565,Chase Bank,pos
0.743,0.0,0.751,0.249,Chase Bank,pos
-0.7506,0.192,0.808,0.0,Chase Bank,neg
-0.7003,0.221,0.779,0.0,Chase Bank,neg
-0.7717,0.275,0.644,0.081,Chase Bank,neg
0.8442,0.0,0.409,0.591,Chase Bank,pos
-0.765,0.485,0.515,0.0,Chase Bank,neg
-0.659,0.594,0.406,0.0,Chase Bank,neg
0.6908,0.0,0.659,0.341,Chase Bank,pos
-0.765,0.352,0.648,0.0,Chase Bank,neg
0.743,0.0,0.741,0.259,Chase Bank,pos
0.9118,0.0,0.638,0.362,Chase Bank,pos
-0.8834,0.342,0.516,0.142,Chase Bank,neg
-0.8834,0.342,0.516,0.142,Chase Bank,neg
-0.8834,0.335,0.526,0.139,Chase Bank,neg
-0.8834,0.342,0.516,0.142,Chase Bank,neg
-0.6705,0.481,0.37,0.148,Chase Bank,neg
0.5859,0.161,0.46,0.379,Chase Bank,pos
0.8271,0.0,0.438,0.562,Chase Bank,pos
-0.5719,0.291,0.709,0.0,Chase Bank,neg
0.5849,0.0,0.854,0.146,Chase Bank,pos
-0.6486,0.261,0.739,0.0,Chase Bank,neg
-0.6124,0.364,0.636,0.0,Chase Bank,neg
0.5994,0.0,0.562,0.438,Chase Bank,pos
-0.5423,0.636,0.364,0.0,Chase Bank,neg
-0.8957,0.844,0.156,0.0,Chase Bank,neg
0.7351,0.0,0.659,0.341,Chase Bank,pos
0.743,0.0,0.751,0.249,Chase Bank,pos
0.6124,0.043,0.793,0.165,Chase Bank,pos
-0.7269,0.55,0.45,0.0,Chase Bank,neg
-0.6808,0.253,0.651,0.096,Chase Bank,neg
-0.7906,0.438,0.562,0.0,Chase Bank,neg
0.9698,0.024,0.55,0.426,Chase Bank,pos
-0.5719,0.552,0.448,0.0,Chase Bank,neg
0.8126,0.0,0.488,0.512,Chase Bank,pos
-0.9081,0.416,0.584,0.0,Chase Bank,neg
-0.9509,0.486,0.468,0.047,Chase Bank,neg
-0.6597,0.328,0.672,0.0,Chase Bank,neg
-0.5267,0.159,0.841,0.0,Chase Bank,neg
0.6151,0.093,0.642,0.265,Chase Bank,pos
-0.5994,0.425,0.435,0.14,Chase Bank,neg
-0.7845,0.633,0.367,0.0,Chase Bank,neg
0.5574,0.0,0.899,0.101,Chase Bank,pos
0.5423,0.0,0.78,0.22,Chase Bank,pos
0.6666,0.0,0.528,0.472,Chase Bank,pos
-0.8625,0.368,0.562,0.07,Chase Bank,neg
0.7178,0.04,0.747,0.212,Chase Bank,pos
0.743,0.0,0.769,0.231,Chase Bank,pos
0.9042,0.0,0.752,0.248,Chase Bank,pos
-0.802,0.298,0.702,0.0,Chase Bank,neg
-0.886,0.486,0.514,0.0,Chase Bank,neg
0.7964,0.0,0.738,0.262,Chase Bank,pos
-0.5106,0.181,0.749,0.07,Chase Bank,neg
-0.872,0.293,0.549,0.158,Chase Bank,neg
-0.6249,0.376,0.457,0.168,Chase Bank,neg
0.6369,0.0,0.809,0.191,Chase Bank,pos
0.5267,0.0,0.855,0.145,Chase Bank,pos
0.6369,0.0,0.741,0.259,Chase Bank,pos
0.8074,0.0,0.717,0.283,Chase Bank,pos
-0.7184,0.44,0.417,0.143,Chase Bank,neg
0.7269,0.0,0.804,0.196,Chase Bank,pos
0.802,0.0,0.635,0.365,Chase Bank,pos
0.743,0.0,0.777,0.223,Chase Bank,pos
-0.7783,0.343,0.657,0.0,Chase Bank,neg
0.5859,0.0,0.568,0.432,Chase Bank,pos
0.5267,0.0,0.714,0.286,Chase Bank,pos
0.8225,0.067,0.576,0.358,Chase Bank,pos
0.5267,0.0,0.714,0.286,Chase Bank,pos
0.5267,0.0,0.714,0.286,Chase Bank,pos
0.5267,0.0,0.714,0.286,Chase Bank,pos
0.5267,0.0,0.714,0.286,Chase Bank,pos
0.5574,0.0,0.735,0.265,Chase Bank,pos
0.5719,0.0,0.575,0.425,Chase Bank,pos
-0.5323,0.259,0.519,0.222,Chase Bank,neg
-0.765,0.246,0.589,0.164,Chase Bank,neg
-0.765,0.271,0.549,0.18,Chase Bank,neg
0.6597,0.0,0.735,0.265,Chase Bank,pos
0.765,0.0,0.345,0.655,Chase Bank,pos
0.8268,0.0,0.684,0.316,Chase Bank,pos
0.6369,0.0,0.754,0.246,Chase Bank,pos
0.743,0.0,0.76,0.24,Chase Bank,pos
-0.765,0.256,0.574,0.17,Chase Bank,neg
0.6908,0.073,0.671,0.256,Chase Bank,pos
-0.5106,0.206,0.657,0.137,Chase Bank,neg
-0.7964,0.266,0.574,0.16,Chase Bank,neg
-0.765,0.271,0.549,0.18,Chase Bank,neg
0.8126,0.0,0.797,0.203,Chase Bank,pos
-0.765,0.271,0.549,0.18,Chase Bank,neg
0.8074,0.0,0.632,0.368,Chase Bank,pos
0.6249,0.088,0.566,0.346,Chase Bank,pos
-0.765,0.276,0.54,0.184,Chase Bank,neg
0.6249,0.0,0.661,0.339,Chase Bank,pos
-0.7269,0.324,0.472,0.204,Chase Bank,neg
-0.7003,0.257,0.539,0.204,Chase Bank,neg
-0.765,0.276,0.54,0.184,Chase Bank,neg
0.5719,0.0,0.844,0.156,Chase Bank,pos
-0.765,0.276,0.54,0.184,Chase Bank,neg
-0.765,0.271,0.549,0.18,Chase Bank,neg
-0.765,0.251,0.582,0.167,Chase Bank,neg
-0.7351,0.292,0.708,0.0,Chase Bank,neg
-0.765,0.276,0.54,0.184,Chase Bank,neg
-0.5859,0.392,0.473,0.135,Chase Bank,neg
0.6249,0.039,0.787,0.174,Chase Bank,pos
-0.5719,0.425,0.575,0.0,Chase Bank,neg
0.6369,0.0,0.323,0.677,Chase Bank,pos
0.6369,0.0,0.658,0.342,Chase Bank,pos
-0.7096,0.301,0.611,0.087,Chase Bank,neg
0.7579,0.0,0.812,0.188,Chase Bank,pos
-0.765,0.271,0.549,0.18,Chase Bank,neg
-0.765,0.276,0.54,0.184,Chase Bank,neg
0.5118,0.105,0.662,0.234,Chase Bank,pos
-0.5267,0.216,0.784,0.0,Chase Bank,neg
-0.5106,0.26,0.566,0.174,Chase Bank,neg
-0.5106,0.26,0.566,0.174,Chase Bank,neg
0.6486,0.106,0.58,0.314,Chase Bank,pos
-0.8074,0.229,0.771,0.0,Chase Bank,neg
0.6705,0.074,0.702,0.224,Chase Bank,pos
-0.765,0.256,0.574,0.17,Chase Bank,neg
-0.7351,0.281,0.547,0.172,Chase Bank,neg
-0.765,0.271,0.549,0.18,Chase Bank,neg
-0.765,0.251,0.582,0.167,Chase Bank,neg
0.7964,0.069,0.659,0.272,Chase Bank,pos
-0.765,0.271,0.549,0.18,Chase Bank,neg
-0.765,0.251,0.582,0.167,Chase Bank,neg
0.8126,0.0,0.792,0.208,Chase Bank,pos
0.743,0.1,0.538,0.362,Chase Bank,pos
0.8271,0.046,0.623,0.331,Chase Bank,pos
0.8979,0.0,0.524,0.476,Chase Bank,pos
0.5574,0.0,0.825,0.175,Chase Bank,pos
0.9432,0.0,0.696,0.304,Chase Bank,pos
0.8316,0.0,0.339,0.661,Chase Bank,pos
0.7269,0.0,0.785,0.215,Chase Bank,pos
-0.7003,0.309,0.691,0.0,Chase Bank,neg
0.7783,0.0,0.595,0.405,Chase Bank,pos
0.5888,0.118,0.494,0.388,Chase Bank,pos
0.9514,0.0,0.4,0.6,Chase Bank,pos
-0.5267,0.279,0.625,0.096,Chase Bank,neg
0.8176,0.0,0.773,0.227,Chase Bank,pos
-0.6326,0.277,0.626,0.097,Chase Bank,neg
0.5106,0.0,0.848,0.152,Chase Bank,pos
-0.5423,0.467,0.533,0.0,Chase Bank,neg
0.9337,0.0,0.609,0.391,Chase Bank,pos
-0.6369,0.209,0.748,0.043,Chase Bank,neg
-0.6369,0.209,0.748,0.043,Chase Bank,neg
0.5106,0.0,0.798,0.202,Chase Bank,pos
0.8658,0.0,0.562,0.438,Chase Bank,pos
0.7003,0.0,0.818,0.182,Chase Bank,pos
-0.5574,0.34,0.66,0.0,Chase Bank,neg
0.5574,0.119,0.613,0.268,Chase Bank,pos
0.6124,0.0,0.815,0.185,Chase Bank,pos
0.6808,0.0,0.781,0.219,Chase Bank,pos
-0.5267,0.221,0.779,0.0,Chase Bank,neg
-0.659,0.35,0.65,0.0,Chase Bank,neg
-0.5423,0.297,0.703,0.0,Chase Bank,neg
-0.5423,0.123,0.877,0.0,Chase Bank,neg
0.5106,0.248,0.24,0.512,Chase Bank,pos
-0.5423,0.198,0.7,0.101,Chase Bank,neg
0.6369,0.0,0.743,0.257,Chase Bank,pos
0.6808,0.0,0.472,0.528,Chase Bank,pos
-0.7579,0.226,0.721,0.053,Chase Bank,neg
0.8481,0.0,0.625,0.375,Chase Bank,pos
0.7783,0.089,0.596,0.315,Chase Bank,pos
-0.9559,0.409,0.506,0.086,Chase Bank,neg
0.6486,0.0,0.569,0.431,Chase Bank,pos
-0.9153,0.379,0.621,0.0,Chase Bank,neg
-0.7845,0.365,0.635,0.0,Chase Bank,neg
0.5994,0.0,0.822,0.178,Chase Bank,pos
-0.5267,0.188,0.812,0.0,Chase Bank,neg
-0.5423,0.28,0.72,0.0,Chase Bank,neg
0.875,0.0,0.593,0.407,Chase Bank,pos
0.7184,0.0,0.667,0.333,Chase Bank,pos
0.5574,0.0,0.816,0.184,Chase Bank,pos
-0.5267,0.112,0.888,0.0,Chase Bank,neg
-0.743,0.448,0.429,0.123,Chase Bank,neg
0.9129,0.0,0.664,0.336,Chase Bank,pos
0.6124,0.083,0.667,0.25,Chase Bank,pos
0.6369,0.0,0.802,0.198,Chase Bank,pos
0.5574,0.0,0.753,0.247,Chase Bank,pos
0.8957,0.0,0.546,0.454,Chase Bank,pos
